-- MySQL dump 10.13  Distrib 8.0.19, for Win64 (x86_64)
--
-- Host: kanbagisdb.clwamwmci9vk.eu-central-1.rds.amazonaws.com    Database: kanbagisdb
-- ------------------------------------------------------
-- Server version	8.0.39

/*!40101 SET @OLD_CHARACTER_SET_CLIENT=@@CHARACTER_SET_CLIENT */;
/*!40101 SET @OLD_CHARACTER_SET_RESULTS=@@CHARACTER_SET_RESULTS */;
/*!40101 SET @OLD_COLLATION_CONNECTION=@@COLLATION_CONNECTION */;
/*!50503 SET NAMES utf8mb4 */;
/*!40103 SET @OLD_TIME_ZONE=@@TIME_ZONE */;
/*!40103 SET TIME_ZONE='+00:00' */;
/*!40014 SET @OLD_UNIQUE_CHECKS=@@UNIQUE_CHECKS, UNIQUE_CHECKS=0 */;
/*!40014 SET @OLD_FOREIGN_KEY_CHECKS=@@FOREIGN_KEY_CHECKS, FOREIGN_KEY_CHECKS=0 */;
/*!40101 SET @OLD_SQL_MODE=@@SQL_MODE, SQL_MODE='NO_AUTO_VALUE_ON_ZERO' */;
/*!40111 SET @OLD_SQL_NOTES=@@SQL_NOTES, SQL_NOTES=0 */;
SET @MYSQLDUMP_TEMP_LOG_BIN = @@SESSION.SQL_LOG_BIN;
SET @@SESSION.SQL_LOG_BIN= 0;

--
-- GTID state at the beginning of the backup 
--

SET @@GLOBAL.GTID_PURGED=/*!80000 '+'*/ '';

--
-- Table structure for table `neighborhood`
--

DROP TABLE IF EXISTS `neighborhood`;
/*!40101 SET @saved_cs_client     = @@character_set_client */;
/*!50503 SET character_set_client = utf8mb4 */;
CREATE TABLE `neighborhood` (
  `id` int NOT NULL AUTO_INCREMENT,
  `district_id` int DEFAULT NULL,
  `name` varchar(255) DEFAULT NULL,
  PRIMARY KEY (`id`),
  KEY `district_id` (`district_id`),
  CONSTRAINT `neighborhood_ibfk_1` FOREIGN KEY (`district_id`) REFERENCES `district` (`id`)
) ENGINE=InnoDB AUTO_INCREMENT=32269 DEFAULT CHARSET=utf8mb4 COLLATE=utf8mb4_0900_ai_ci;
/*!40101 SET character_set_client = @saved_cs_client */;

--
-- Dumping data for table `neighborhood`
--

LOCK TABLES `neighborhood` WRITE;
/*!40000 ALTER TABLE `neighborhood` DISABLE KEYS */;
INSERT INTO `neighborhood` VALUES (1,1,'Aladağ'),(2,1,'Madenli'),(3,2,'Büyükmangıt'),(4,2,'Ceyhan'),(5,2,'Mustafabeyli'),(6,3,'Huzurevleri'),(7,3,'Mahfesığmaz'),(8,3,'Salbaş'),(9,4,'Akkaya'),(10,4,'Feke'),(11,5,'İmamoğlu'),(12,5,'Saygeçit'),(13,6,'Karaisalı'),(14,7,'Karataş'),(15,8,'Hacıbeyli'),(16,8,'Kahveli'),(17,8,'Kozan'),(18,9,'Akçatekir'),(19,9,'Gökbez'),(20,9,'Pozantı'),(21,10,'Saimbeyli'),(22,11,'Baklalı'),(23,11,'Buruk'),(24,11,'İncirlik'),(25,11,'Osmangazi'),(26,11,'Remzioğuzarık'),(27,12,'Akkapı'),(28,12,'Denizli'),(29,12,'Emek'),(30,12,'Fevzipaşa'),(31,12,'Gazipaşa'),(32,12,'Gülbahçesi'),(33,12,'Gürselpaşa'),(34,12,'Hadırlı'),(35,12,'Hükümet'),(36,12,'Karayusuflu'),(37,12,'Kuruköprü'),(38,12,'Küçükdikili'),(39,12,'Mavi Bulvar Yurt'),(40,12,'Meydan'),(41,12,'Saydam'),(42,12,'Şakirpaşa'),(43,12,'Yağcami'),(44,12,'Yeşilevler'),(45,12,'Yeşiloba'),(46,12,'Yeşilyurt'),(47,12,'Ziyapaşa'),(48,13,'Damlalı'),(49,13,'Tufanbeyli'),(50,14,'Kalemli'),(51,14,'Yumurtalık'),(52,15,'Abdioğlu'),(53,15,'Alihocalı'),(54,15,'Bahçelievler'),(55,15,'Doğankent'),(56,15,'Havutlu'),(57,15,'İncirlik'),(58,15,'Karacaoğlan'),(59,15,'Karşıyaka'),(60,15,'Kazımkarabekir'),(61,15,'Keresteciler'),(62,15,'Pttevleri'),(63,15,'Yakapınar'),(64,15,'Yamaçlı'),(65,15,'Yavuzlar'),(66,16,'Besni'),(67,16,'Çakırhüyük'),(68,16,'Kesmetepe'),(69,16,'Köseceli'),(70,16,'Merkezköyler'),(71,16,'Suvarlı'),(72,16,'Şambayat'),(73,17,'Çelikhan'),(74,17,'Merkezköyler'),(75,17,'Pınarbaşı'),(76,18,'Gerger'),(77,18,'Merkezköyler'),(78,19,'Balkar'),(79,19,'Belören'),(80,19,'Gölbaşı'),(81,19,'Harmanlı'),(82,19,'Merkezköyler'),(83,20,'Akıncılar'),(84,20,'Bölükyayla'),(85,20,'Kahta'),(86,20,'Merkezköyler'),(87,21,'Eskisaray'),(88,21,'İmamağa'),(89,21,'Kömür'),(90,21,'Merkez Köyler'),(91,21,'Sümerevler'),(92,21,'Yaylakonak'),(93,21,'Yenisanayi'),(94,22,'Merkezköyler'),(95,22,'Samsat'),(96,23,'İnlice'),(97,23,'Merkezköyler'),(98,23,'Sincik'),(99,24,'Merkezköyler'),(100,24,'Tut'),(101,25,'Başmakçı'),(102,25,'Merkezköyler'),(103,26,'Bayat'),(104,26,'Merkezköyler'),(105,27,'Bolvadin'),(106,27,'Dişli'),(107,27,'Merkezköyler'),(108,27,'Özburun'),(109,28,'Çay'),(110,28,'Karamıkkaracaören'),(111,28,'Merkezköyler'),(112,28,'Pazarağaç'),(113,29,'Çobanlar'),(114,29,'Kocaöz'),(115,29,'Merkezköyler'),(116,30,'Dazkırı'),(117,30,'Merkezköyler'),(118,31,'Dinar'),(119,31,'Haydarlı'),(120,31,'Merkezköyler'),(121,31,'Tatarlı'),(122,32,'Davulga'),(123,32,'Emirdağ'),(124,32,'Gömü'),(125,32,'Merkezköyler'),(126,33,'Evciler'),(127,33,'Merkezköyler'),(128,34,'Hocalar'),(129,34,'Merkezköyler'),(130,35,'Döğer'),(131,35,'Gazlıgöl'),(132,35,'İhsaniye'),(133,35,'Kayıhan'),(134,35,'Merkezköyler'),(135,35,'Yaylabağı'),(136,36,'İscehisar'),(137,36,'Merkezköyler'),(138,36,'Seydiler'),(139,37,'Kızılören'),(140,37,'Merkezköyler'),(141,38,'Adliye'),(142,38,'Beyyazı'),(143,38,'Çarşı'),(144,38,'Çayırbağ'),(145,38,'Çıkrık'),(146,38,'Değirmenayvalı'),(147,38,'Erkmen'),(148,38,'Fatih'),(149,38,'Fethibey'),(150,38,'Gebeceler'),(151,38,'Işıklar'),(152,38,'Kale'),(153,38,'Kocatepe'),(154,38,'Merkezköyler'),(155,38,'Nuribey'),(156,38,'Salar'),(157,38,'Susuz'),(158,38,'Sülümenli'),(159,38,'Sülün'),(160,38,'Uydukent'),(161,39,'Akharım'),(162,39,'Merkezköyler'),(163,39,'Sandıklı'),(164,40,'Ahmetpaşa'),(165,40,'Akören'),(166,40,'Düzağaç'),(167,40,'Güney'),(168,40,'Kılıçarslan'),(169,40,'Kırka'),(170,40,'Küçükhüyük'),(171,40,'Merkezköyler'),(172,40,'Serban'),(173,40,'Sinanpaşa'),(174,40,'Taşoluk'),(175,40,'Tınaztepe'),(176,41,'Dereçine'),(177,41,'Merkezköyler'),(178,41,'Sultandağı'),(179,41,'Yeşilçiftlik'),(180,42,'Karaadilli'),(181,42,'Merkezköyler'),(182,42,'Şuhut'),(183,43,'Diyadin'),(184,43,'Merkezköyler'),(185,44,'Doğubayazıt'),(186,44,'Merkezköyler'),(187,45,'Eleşkirt'),(188,45,'Merkezköyler'),(189,45,'Tahir'),(190,45,'Yayladüzü'),(191,45,'Yücekapı'),(192,46,'Hamur'),(193,46,'Merkezköyler'),(194,47,'Fevziçakmak'),(195,47,'Kazımkarabekir'),(196,47,'Merkezköyler'),(197,48,'Dedeli'),(198,48,'Merkezköyler'),(199,48,'Patnos'),(200,48,'Sarısu'),(201,49,'Merkezköyler'),(202,49,'Taşlıçay'),(203,50,'Merkezköyler'),(204,50,'Tutak'),(205,51,'Ağaçören'),(206,51,'Merkezköyler'),(207,52,'Eskil'),(208,52,'Eşmekaya'),(209,52,'Merkezköyler'),(210,53,'Demirci'),(211,53,'Gülağaç'),(212,53,'Gülpınar'),(213,53,'Merkezköyler'),(214,53,'Saratlı'),(215,54,'Güzelyurt'),(216,54,'Ihlara'),(217,54,'Merkezköyler'),(218,54,'Selime'),(219,55,'Bağlıkaya'),(220,55,'Çarşı'),(221,55,'Helvadere'),(222,55,'Merkezköyler'),(223,55,'Sağlık'),(224,55,'Sanayi'),(225,55,'Taşpınar'),(226,55,'Topakkaya'),(227,55,'Yenikent'),(228,55,'Yeşilova'),(229,55,'Yeşiltepe'),(230,56,'Balcı'),(231,56,'Merkezköyler'),(232,56,'Ortaköy'),(233,57,'Merkezköyler'),(234,57,'Sarıyahşi'),(235,58,'Sultanhanı'),(236,59,'Göynücek'),(237,59,'Merkezköyler'),(238,60,'Gümüşhacıköy'),(239,60,'Merkezköyler'),(240,61,'Hamamözü'),(241,61,'Merkezköyler'),(242,62,'Dereboyu'),(243,62,'Gen.Hikmetakıncı'),(244,62,'Gökmedrese'),(245,62,'Merkezköyler'),(246,62,'Ziyaret'),(247,63,'Merkezköyler'),(248,63,'Merzifon'),(249,64,'Merkezköyler'),(250,64,'Suluova'),(251,65,'Merkezköyler'),(252,65,'Taşova'),(253,66,'Akyurt'),(254,67,'Altındağ'),(255,67,'Aydınlıkevler'),(256,67,'Hasköy'),(257,67,'İskitler'),(258,67,'Karacaören'),(259,67,'Samanpazarı'),(260,67,'Ulubey'),(261,67,'Ulus'),(262,68,'Ayaş'),(263,69,'Bala'),(264,70,'Beypazarı'),(265,71,'Çamlıdere'),(266,72,'100.Yıl'),(267,72,'Ahlatlıbel'),(268,72,'Bahçelievler'),(269,72,'Balgat'),(270,72,'Bilkent'),(271,72,'Birlik'),(272,72,'Cebeci'),(273,72,'Çankaya'),(274,72,'Çayyolu'),(275,72,'Dikmen'),(276,72,'Esat'),(277,72,'Karataş'),(278,72,'Kavaklıdere'),(279,72,'Maltepe'),(280,72,'Öveçler'),(281,72,'Yenişehir'),(282,72,'Yıldız'),(283,72,'Zafertepe'),(284,73,'Çubuk'),(285,74,'Elmadağ'),(286,74,'Hasanoğlan'),(287,75,'30Ağustos'),(288,75,'Bahçekapı'),(289,75,'Elvankent'),(290,75,'Eryamanevleri'),(291,75,'Etimesgut'),(292,75,'Göksu'),(293,75,'Güzelkent'),(294,75,'Yurtçu'),(295,76,'Evren'),(296,77,'Gölbaşı'),(297,78,'Güdül'),(298,79,'Haymana'),(299,80,'Kazan'),(300,81,'Kalecik'),(301,82,'Aktepe'),(302,82,'Bağlum'),(303,82,'Esertepe'),(304,82,'Etlik'),(305,82,'Hasköy S.Evleri'),(306,82,'Kalaba'),(307,82,'Sanatoryum'),(308,82,'Şenlik'),(309,82,'Ufuktepe'),(310,83,'Kızılcahamam'),(311,84,'Abidinpaşa'),(312,84,'Akdere'),(313,84,'Demirlibahçe'),(314,84,'Gülveren'),(315,84,'Hüseyingazi'),(316,84,'Kayaş'),(317,84,'Lalahan'),(318,84,'Mamak'),(319,85,'Nallıhan'),(320,86,'Polatlı'),(321,87,'Pursaklar'),(322,88,'Ahievran'),(323,88,'Fatih'),(324,88,'Sincan'),(325,88,'Temelli'),(326,88,'Yenikent'),(327,89,'Şereflikoçhisar'),(328,90,'A.O.Çiftliği'),(329,90,'Batıkent'),(330,90,'Demetevler'),(331,90,'İvedik Osb'),(332,90,'Karşıyaka'),(333,90,'Macunköy'),(334,90,'Ostim'),(335,90,'Şentepe'),(336,90,'Yenimahalle'),(337,91,'Akseki'),(338,91,'Cevizli'),(339,92,'Aksu'),(340,93,'Alanya'),(341,93,'Avsallar'),(342,93,'Demirtaş'),(343,93,'Kestel'),(344,93,'Mahmutlar'),(345,94,'Davazlar'),(346,94,'Demre'),(347,94,'Kale'),(348,95,'Döşemealtı'),(349,96,'Akçay'),(350,96,'Elmalı'),(351,97,'Finike'),(352,98,'Gazipaşa'),(353,99,'Gündoğmuş'),(354,100,'Aydınkent'),(355,101,'Cemre'),(356,101,'Gömbe'),(357,101,'Kalkan'),(358,101,'Kaş'),(359,101,'Kınık'),(360,101,'Ova'),(361,101,'Yeşilköy'),(362,102,'Beldibi'),(363,102,'Beycik'),(364,102,'Çamyuva'),(365,102,'Göynük'),(366,102,'Kemer'),(367,102,'Tekirova'),(368,103,'Ahatlı'),(369,103,'Altınova'),(370,103,'Dokuma'),(371,103,'Duraliler'),(372,103,'Düdenbaşı'),(373,103,'Erenköy'),(374,103,'Sütçüler'),(375,103,'Varsak'),(376,103,'Yeniemek'),(377,104,'Arapsuyu'),(378,104,'Liman'),(379,105,'Korkuteli'),(380,106,'Kumluca'),(381,106,'Mavikent'),(382,107,'Çolaklı'),(383,107,'Manavgat'),(384,107,'Side'),(385,107,'Taşağıl'),(386,108,'Bahçelievler'),(387,108,'Çarşı'),(388,108,'Eskisanayi'),(389,108,'Fener'),(390,108,'Gençlik'),(391,108,'Kızıltoprak'),(392,108,'Lara'),(393,108,'Meltem'),(394,108,'Meydankavağı'),(395,109,'Serik'),(396,110,'Çıldır'),(397,110,'Merkezköyler'),(398,111,'Damal'),(399,111,'Merkezköyler'),(400,112,'Göle'),(401,112,'Köprülü'),(402,112,'Merkezköyler'),(403,113,'Hanak'),(404,113,'Merkezköyler'),(405,114,'Ardahan'),(406,114,'Hasköy'),(407,114,'Merkezköyler'),(408,114,'Yanlızçam'),(409,115,'Merkezköyler'),(410,115,'Posof'),(411,116,'Ardanuç'),(412,116,'Merkezköyler'),(413,117,'Arhavi'),(414,117,'Merkezköyler'),(415,118,'Borçka'),(416,118,'Merkezköyler'),(417,119,'Hopa'),(418,119,'Merkezköyler'),(419,120,'Kemalpaşa'),(420,120,'Merkezköyler'),(421,121,'Artvin'),(422,121,'Merkezköyler'),(423,122,'Göktaş'),(424,122,'Merkezköyler'),(425,123,'Merkezköyler'),(426,123,'Şavşat'),(427,124,'Merkezköyler'),(428,124,'Yusufeli'),(429,125,'Bozdoğan'),(430,126,'Çubukdağı'),(431,127,'Çine'),(432,128,'Akyeniköy'),(433,128,'Yenihisar'),(434,129,'Çarşı'),(435,129,'Kurtuluş'),(436,129,'Sanayi'),(437,129,'Umurlu'),(438,130,'Germencik'),(439,130,'Ortaklar'),(440,131,'İncirliova'),(441,132,'Karacasu'),(442,133,'Karpuzlu'),(443,134,'Koçarlı'),(444,135,'Köşk'),(445,136,'Kuşadası'),(446,137,'Kuyucak'),(447,138,'Nazilli'),(448,138,'Sümer'),(449,139,'Söke'),(450,140,'Sultanhisar'),(451,141,'Yenipazar'),(452,142,'Altıeylül'),(453,142,'Ertuğrul'),(454,142,'Gündoğan'),(455,142,'Konakpınar'),(456,142,'Pamukçu'),(457,142,'Plevne'),(458,143,'Alibeyadası'),(459,143,'Altınova'),(460,143,'Ayvalık'),(461,143,'Küçükköy'),(462,144,'Balya'),(463,144,'Patlak'),(464,145,'Aksakal'),(465,145,'Bandırma'),(466,145,'Doğruca'),(467,145,'Edincik'),(468,146,'Bigadiç'),(469,146,'Çağış'),(470,146,'Salmanlı'),(471,147,'Burhaniye'),(472,147,'Çoruk'),(473,147,'Pelitköy'),(474,148,'Dursunbey'),(475,148,'Hacılar'),(476,149,'Akçay'),(477,149,'Altınoluk'),(478,149,'Edremit'),(479,150,'Belkıs'),(480,150,'Erdek'),(481,151,'Dursunlu'),(482,151,'Gömeç'),(483,151,'Karaağaç'),(484,152,'Gönen'),(485,152,'Hasanbey'),(486,152,'Sarıköy'),(487,153,'Havran'),(488,153,'Temaşalık'),(489,154,'Büyükyenice'),(490,154,'Gökçeyazı'),(491,154,'İvrindi'),(492,154,'Kayapa'),(493,154,'Korucu'),(494,154,'Sarıca'),(495,155,'Atatürk'),(496,155,'Karesi'),(497,155,'Sakarya'),(498,155,'Şamlı'),(499,156,'Kepsut'),(500,156,'Servet'),(501,157,'Kayaca'),(502,157,'Manyas'),(503,158,'Avşa'),(504,158,'Marmara'),(505,159,'Karaçam'),(506,159,'Sarıbeyler'),(507,159,'Savaştepe'),(508,160,'Mandıra'),(509,160,'Sındırgı'),(510,161,'Göbel'),(511,161,'Kayıkçı'),(512,161,'Susurluk'),(513,162,'Amasra'),(514,162,'Merkezköyler'),(515,163,'Kurucaşile'),(516,163,'Merkezköyler'),(517,164,'Demirciler'),(518,164,'Hasankadı'),(519,164,'Kozcağız'),(520,164,'Merkezköyler'),(521,164,'Yenisanayi'),(522,165,'Abdipaşa'),(523,165,'Kumluca'),(524,165,'Merkezköyler'),(525,165,'Ulus'),(526,166,'Beşiri'),(527,166,'İkiköprü'),(528,166,'Merkezköyler'),(529,167,'Gercüş'),(530,167,'Kayapınar'),(531,167,'Merkezköyler'),(532,168,'Hasankeyf'),(533,168,'Merkezköyler'),(534,169,'Bekirhan'),(535,169,'Kozluk'),(536,169,'Merkezköyler'),(537,170,'Balpınar'),(538,170,'Çarşı'),(539,170,'Gap'),(540,170,'Kültür'),(541,170,'Merkezköyler'),(542,170,'Petrol'),(543,171,'Merkezköyler'),(544,171,'Sason'),(545,171,'Yücebağ'),(546,172,'Aydıntepe'),(547,172,'Merkezköyler'),(548,173,'Demirözü'),(549,173,'Gökçedere'),(550,173,'Merkezköyler'),(551,174,'Arpalı'),(552,174,'Bayburt'),(553,174,'Maden'),(554,174,'Merkezköyler'),(555,175,'Bozüyük'),(556,175,'Dodurga'),(557,175,'Merkezköyler'),(558,176,'Gölpazarı'),(559,176,'Merkezköyler'),(560,177,'İnhisar'),(561,177,'Merkezköyler'),(562,178,'Bayırköy'),(563,178,'Bilecik'),(564,178,'Merkezköyler'),(565,178,'Vezirhan'),(566,179,'Merkezköyler'),(567,179,'Osmaneli'),(568,180,'Merkezköyler'),(569,180,'Pazaryeri'),(570,181,'Merkezköyler'),(571,181,'Söğüt'),(572,182,'Merkezköyler'),(573,182,'Yenipazar'),(574,183,'Adaklı'),(575,183,'Merkezköyler'),(576,184,'Genç'),(577,184,'Merkezköyler'),(578,185,'Karlıova'),(579,185,'Merkezköyler'),(580,186,'Kiğı'),(581,186,'Merkezköyler'),(582,187,'Ağaçeli'),(583,187,'Bingöl'),(584,187,'Ilıcalar'),(585,187,'Merkezköyler'),(586,187,'Sancak'),(587,188,'Arakonak'),(588,188,'Merkezköyler'),(589,188,'Solhan'),(590,189,'Merkezköyler'),(591,189,'Yayladere'),(592,190,'Merkezköyler'),(593,190,'Yedisu'),(594,191,'Adilcevaz'),(595,191,'Aydınlar'),(596,191,'Merkezköyler'),(597,192,'Ahlat'),(598,192,'Merkezköyler'),(599,192,'Ovakışla'),(600,193,'Gölbaşı'),(601,193,'Günkırı'),(602,193,'Güroymak'),(603,193,'Merkezköyler'),(604,194,'Hizan'),(605,194,'Merkezköyler'),(606,195,'Bitlis'),(607,195,'Bölükyazı'),(608,195,'Merkezköyler'),(609,195,'Yolalan'),(610,196,'Geyikpınar'),(611,196,'Kavakbaşı'),(612,196,'Merkezköyler'),(613,196,'Meydan'),(614,196,'Mutki'),(615,197,'Merkezköyler'),(616,197,'Tatvan'),(617,197,'Yelkenli'),(618,198,'Dörtdivan'),(619,198,'Merkezköyler'),(620,199,'Gerede'),(621,199,'Merkezköyler'),(622,200,'Göynük'),(623,200,'Merkezköyler'),(624,201,'Kıbrıscık'),(625,201,'Merkezköyler'),(626,202,'Gökçesu'),(627,202,'Mengen'),(628,202,'Merkezköyler'),(629,203,'Aşağısoku'),(630,203,'İhsaniye'),(631,203,'Karacasu'),(632,203,'Karamanlı'),(633,203,'Merkezköyler'),(634,204,'Merkezköyler'),(635,204,'Mudurnu'),(636,204,'Taşkesti'),(637,205,'Merkezköyler'),(638,205,'Seben'),(639,206,'Merkezköyler'),(640,206,'Yeniçağa'),(641,207,'Ağlasun'),(642,207,'Merkezköyler'),(643,208,'Dirmil'),(644,208,'Merkezköyler'),(645,209,'Bucak'),(646,209,'Kızılkaya'),(647,209,'Kocaaliler'),(648,209,'Merkezköyler'),(649,210,'Çavdır'),(650,210,'Merkezköyler'),(651,210,'Söğüt'),(652,211,'Çeltikçi'),(653,211,'Merkezköyler'),(654,212,'Gölhisar'),(655,212,'Merkezköyler'),(656,212,'Yusufça'),(657,213,'Karamanlı'),(658,213,'Merkezköyler'),(659,214,'Kemer'),(660,214,'Merkezköyler'),(661,215,'Bahçelievler'),(662,215,'Çeşmedamı'),(663,215,'Merkezköyler'),(664,215,'Sanayi'),(665,215,'Yenice'),(666,216,'Merkezköyler'),(667,216,'Tefenni'),(668,217,'Merkezköyler'),(669,217,'Yeşilova'),(670,218,'Büyükorhan'),(671,219,'Gemlik'),(672,220,'Gürsu'),(673,221,'Harmancık'),(674,222,'İnegöl'),(675,223,'İznik'),(676,224,'Karacabey'),(677,225,'Keles'),(678,226,'Kestel'),(679,227,'Mudanya'),(680,228,'Mustafakemalpaşa'),(681,229,'Alaattinbey'),(682,229,'Altınşehir'),(683,229,'Ataevler'),(684,229,'Balat'),(685,229,'Beşevler'),(686,229,'Çalı'),(687,229,'Ertuğrul'),(688,229,'Görükle'),(689,229,'Hasanağa'),(690,229,'İhsaniye'),(691,229,'İzmiryolboyu'),(692,229,'Konak'),(693,229,'Nilüferköy'),(694,229,'Nosab'),(695,229,'Organizesanayi'),(696,229,'Üçevler'),(697,230,'Orhaneli'),(698,231,'Orhangazi'),(699,232,'Alemdar'),(700,232,'Altıparmak'),(701,232,'Bağlarbaşı'),(702,232,'Bahar'),(703,232,'Balıklı'),(704,232,'Çarşı'),(705,232,'Çekirge'),(706,232,'Demirtaş'),(707,232,'Dosab'),(708,232,'Emek'),(709,232,'Hamitler'),(710,232,'Hisar'),(711,232,'Hüdavendigar'),(712,232,'Hürriyet'),(713,232,'Küplüpınar'),(714,232,'Maksem'),(715,232,'Osmangaziköy'),(716,232,'Ovaakça'),(717,232,'Panayır'),(718,232,'Ulumahalle'),(719,232,'Yunuseli'),(720,233,'Yenişehir'),(721,234,'Arabayatağı'),(722,234,'Beyazıt'),(723,234,'Davutkadı'),(724,234,'Duaçınar'),(725,234,'Esenevler'),(726,234,'Ortabağlar'),(727,234,'Setbaşı'),(728,234,'Yıldırım'),(729,235,'Ayvacık'),(730,235,'Küçükkuyu'),(731,235,'Merkezköyler'),(732,236,'Bayramiç'),(733,236,'Evciler'),(734,236,'Merkezköyler'),(735,236,'Yiğitler'),(736,237,'Biga'),(737,237,'Gümüşçay'),(738,237,'Karabiga'),(739,237,'Merkezköyler'),(740,238,'Bozcaada'),(741,239,'Çan'),(742,239,'Merkezköyler'),(743,239,'Terzialan'),(744,240,'Eceabat'),(745,240,'Merkezköyler'),(746,241,'Ezine'),(747,241,'Geyikli'),(748,241,'Merkezköyler'),(749,242,'Evreşe'),(750,242,'Gelibolu'),(751,242,'Kavakköy'),(752,242,'Merkezköyler'),(753,243,'İmroz'),(754,243,'Merkezköyler'),(755,244,'Çardak'),(756,244,'Lapseki'),(757,244,'Merkezköyler'),(758,244,'Umurbey'),(759,245,'Barbaros'),(760,245,'Cevatpaşa'),(761,245,'Kepez'),(762,245,'Merkezköyler'),(763,246,'Kalkım'),(764,246,'Merkezköyler'),(765,246,'Yenice'),(766,247,'Atkaracalar'),(767,247,'Çardaklı'),(768,247,'Merkezköyler'),(769,248,'Bayramören'),(770,248,'Merkezköyler'),(771,249,'Çerkeş'),(772,249,'Merkezköyler'),(773,249,'Saçak'),(774,250,'Eldivan'),(775,250,'Merkezköyler'),(776,251,'Ilgaz'),(777,251,'Merkezköyler'),(778,252,'Kızılırmak'),(779,252,'Merkezköyler'),(780,253,'Korgun'),(781,253,'Merkezköyler'),(782,254,'Kurşunlu'),(783,254,'Merkezköyler'),(784,255,'Çarşı'),(785,255,'Merkezköyler'),(786,255,'Taşmescit'),(787,256,'Merkezköyler'),(788,256,'Orta'),(789,256,'Yaylakent'),(790,257,'Merkezköyler'),(791,257,'Şabanözü'),(792,258,'Merkezköyler'),(793,258,'Yapraklı'),(794,259,'Alaca'),(795,259,'Merkezköyler'),(796,260,'Bayat'),(797,260,'Merkezköyler'),(798,261,'Boğazkale'),(799,261,'Merkezköyler'),(800,262,'Dodurga'),(801,262,'Merkezköyler'),(802,263,'İskilip'),(803,263,'Merkezköyler'),(804,264,'Kargı'),(805,264,'Merkezköyler'),(806,265,'Laçin'),(807,265,'Merkezköyler'),(808,266,'Mecitözü'),(809,266,'Merkezköyler'),(810,267,'Düvenci'),(811,267,'Gülabibey'),(812,267,'Karakeçili'),(813,267,'Merkezköyler'),(814,267,'Ulukavak'),(815,267,'Yeniyol'),(816,268,'Karaören'),(817,268,'Merkezköyler'),(818,269,'Aştavul'),(819,269,'Merkezköyler'),(820,269,'Ortaköy'),(821,270,'Merkezköyler'),(822,270,'Osmancık'),(823,271,'Merkezköyler'),(824,271,'Sungurlu'),(825,272,'Merkezköyler'),(826,272,'Uğurludağ'),(827,273,'Acıpayam'),(828,274,'Babadağ'),(829,275,'Baklan'),(830,276,'Bekilli'),(831,277,'Beyağaç'),(832,278,'Bozkurt'),(833,279,'Buldan'),(834,280,'Çal'),(835,281,'Çameli'),(836,282,'Çardak'),(837,283,'Çivril'),(838,284,'Güney'),(839,285,'Honaz'),(840,286,'Kale'),(841,287,'Adalet'),(842,287,'Gümüşler'),(843,287,'Saraylar'),(844,287,'Sümer'),(845,287,'Üçler'),(846,287,'Üzerlik'),(847,288,'Akköy'),(848,288,'Çeşmebaşı'),(849,288,'İstiklal'),(850,288,'Karşıyaka'),(851,288,'Kınıklı'),(852,289,'Sarayköy'),(853,290,'Serinhisar'),(854,291,'Tavas'),(855,292,'Alipınar'),(856,292,'Körhat'),(857,292,'Selahattineyyubi'),(858,293,'Bismil'),(859,294,'Çermik'),(860,295,'Çınar'),(861,296,'Çüngüş'),(862,297,'Dicle'),(863,298,'Eğil'),(864,299,'Ergani'),(865,300,'Hani'),(866,301,'Hazro'),(867,302,'Kayapınar'),(868,303,'Kocaköy'),(869,304,'Kulp'),(870,305,'Lice'),(871,306,'Silvan'),(872,307,'Balıkçılarbaşı'),(873,307,'Suriçi'),(874,308,'Cumhuriyet'),(875,308,'Şehitlik'),(876,308,'Yenişehir'),(877,309,'Akçakoca'),(878,309,'Merkezköyler'),(879,310,'Cumayeri'),(880,310,'Merkezköyler'),(881,311,'Çilimli'),(882,311,'Merkezköyler'),(883,312,'Gölyaka'),(884,312,'Merkez Köyler'),(885,313,'Gümüşova'),(886,313,'Merkezköyler'),(887,314,'Kaynaşlı'),(888,314,'Merkezköyler'),(889,315,'Bahçeşehir'),(890,315,'Beyköy'),(891,315,'Boğaziçi'),(892,315,'Cedidiye'),(893,315,'Çay'),(894,315,'Hamidiye'),(895,315,'Koçyazı'),(896,315,'Konuralp'),(897,315,'Merkezköyler'),(898,316,'Merkezköyler'),(899,316,'Yığılca'),(900,317,'Enez'),(901,317,'Merkezköyler'),(902,318,'Hasköy'),(903,318,'Havsa'),(904,318,'Merkezköyler'),(905,319,'Esetçe'),(906,319,'İpsala'),(907,319,'Merkezköyler'),(908,319,'Yenikarpuzlu'),(909,320,'Beğendik'),(910,320,'Keşan'),(911,320,'Mecidiye'),(912,320,'Merkezköyler'),(913,320,'Yenimuhacir'),(914,320,'Yerlisu'),(915,321,'Lalapaşa'),(916,321,'Merkezköyler'),(917,322,'Küplü'),(918,322,'Meriç'),(919,322,'Merkezköyler'),(920,322,'Subaşı'),(921,323,'Edirne'),(922,323,'Merkezköyler'),(923,324,'Merkezköyler'),(924,324,'Süloğlu'),(925,325,'Aşçıoğlu'),(926,325,'Çöpköy'),(927,325,'Hamidiye'),(928,325,'Kırcasalih'),(929,325,'Merkezköyler'),(930,325,'Uzunköprü'),(931,326,'Ağın'),(932,326,'Merkezköyler'),(933,327,'Alacakaya'),(934,327,'Merkezköyler'),(935,328,'Arıcak'),(936,328,'Bükardı'),(937,328,'Erimli'),(938,328,'Merkezköyler'),(939,328,'Üçocak'),(940,329,'Baskil'),(941,329,'Merkezköyler'),(942,330,'Karakoçan'),(943,330,'Merkezköyler'),(944,330,'Sarıcan'),(945,331,'Keban'),(946,331,'Merkezköyler'),(947,332,'Kovancılar'),(948,332,'Merkezköyler'),(949,333,'Maden'),(950,333,'Merkezköyler'),(951,334,'Abdullahpaşa'),(952,334,'Akçakiraz'),(953,334,'Aksaray'),(954,334,'Doğukent'),(955,334,'Hankendi'),(956,334,'Harput'),(957,334,'İzzetpaşa'),(958,334,'Merkezköyler'),(959,334,'Mollakendi'),(960,334,'Mustafapaşa'),(961,334,'Nailbey'),(962,334,'Sürsürü'),(963,334,'Yazıkonak'),(964,334,'Yurtbaşı'),(965,335,'Beyhan'),(966,335,'Merkezköyler'),(967,335,'Palu'),(968,336,'Merkezköyler'),(969,336,'Sivrice'),(970,337,'Çayırlı'),(971,337,'Merkezköyler'),(972,338,'İliç'),(973,338,'Merkezköyler'),(974,339,'Kemah'),(975,339,'Merkezköyler'),(976,340,'Başpınar'),(977,340,'Dutluca'),(978,340,'Kemaliye'),(979,340,'Merkezköyler'),(980,341,'Akşemsettin'),(981,341,'Bahçelievler'),(982,341,'Çağlayan'),(983,341,'Merkezköyler'),(984,341,'Mollaköy'),(985,342,'Merkezköyler'),(986,342,'Otlukbeli'),(987,343,'Merkezköyler'),(988,343,'Refahiye'),(989,344,'Çadırkaya'),(990,344,'Kargın'),(991,344,'Mercan'),(992,344,'Merkezköyler'),(993,344,'Tercan'),(994,345,'Altınbaşak'),(995,345,'Merkezköyler'),(996,345,'Üzümlü'),(997,346,'Aşkale'),(998,347,'Ilıca'),(999,348,'Çat'),(1000,349,'Hınıs'),(1001,350,'Horasan'),(1002,351,'İspir'),(1003,352,'Karaçoban'),(1004,353,'Karayazı'),(1005,354,'Köprüköy'),(1006,355,'Narman'),(1007,356,'Oltu'),(1008,357,'Olur'),(1009,358,'Palandöken'),(1010,358,'Yıldızkent'),(1011,359,'Pasinler'),(1012,360,'Pazaryolu'),(1013,361,'Şenkaya'),(1014,362,'Tekman'),(1015,363,'Tortum'),(1016,364,'Uzundere'),(1017,365,'Mumcu'),(1018,365,'Terminal'),(1019,365,'Yakutiye'),(1020,366,'Alpu'),(1021,367,'Beylikova'),(1022,368,'Çifteler'),(1023,369,'Günyüzü'),(1024,370,'Han'),(1025,371,'İnönü'),(1026,372,'Mahmudiye'),(1027,373,'Mihalgazi'),(1028,374,'Dinek'),(1029,375,'Alanönü'),(1030,375,'Arifiye'),(1031,375,'Büyükdere'),(1032,375,'Emek'),(1033,375,'Gökmeydan'),(1034,375,'Huzur'),(1035,375,'Kanlıpınar'),(1036,375,'Kurtuluş'),(1037,375,'Odunpazarıköy'),(1038,375,'Orhangazi'),(1039,375,'Sultandere'),(1040,375,'Sümer'),(1041,375,'Vadişehir'),(1042,375,'Vişnelik'),(1043,375,'Yenikent'),(1044,376,'Sarıcakaya'),(1045,377,'Seyitgazi'),(1046,378,'Sivrihisar'),(1047,379,'Bahçelievler'),(1048,379,'Cumhuriye'),(1049,379,'Çamlıca'),(1050,379,'Çukurhisar'),(1051,379,'Fatih'),(1052,379,'Fevziçakmak'),(1053,379,'Hacıalibey'),(1054,379,'Muttalip'),(1055,379,'Sazova'),(1056,379,'Tepebaşıköy'),(1057,379,'Uluönder'),(1058,379,'Yeşiltepe'),(1059,380,'Araban'),(1060,381,'İslahiye'),(1061,382,'Karkamış'),(1062,383,'Nizip'),(1063,384,'Nurdağı'),(1064,385,'Oğuzeli'),(1065,385,'Yeşildere'),(1066,386,'Alaybey'),(1067,386,'Düztepe'),(1068,386,'Hoşgör'),(1069,386,'Karataş'),(1070,386,'Konak'),(1071,386,'Perilikaya'),(1072,386,'Şahinbey'),(1073,386,'Tabakhane'),(1074,387,'Çıksorut'),(1075,387,'Emek'),(1076,387,'Gazikent'),(1077,387,'İbrahimli'),(1078,387,'İncilipınar'),(1079,387,'Karşıyaka'),(1080,387,'Küsget'),(1081,387,'Merve'),(1082,387,'Organize'),(1083,387,'Şehitkamil'),(1084,388,'Yavuzeli'),(1085,389,'Alucra'),(1086,389,'Merkezköyler'),(1087,390,'Aydındere'),(1088,390,'Bulancak'),(1089,390,'Kovanlık'),(1090,390,'Merkezköyler'),(1091,391,'Çamoluk'),(1092,391,'Merkezköyler'),(1093,392,'Çanakçı'),(1094,393,'Dereli'),(1095,393,'Merkezköyler'),(1096,393,'Yavuzkemal'),(1097,394,'Doğankent'),(1098,394,'Merkezköyler'),(1099,395,'Espiye'),(1100,395,'Merkezköyler'),(1101,395,'Soğukpınar'),(1102,396,'Eynesil'),(1103,396,'Merkezköyler'),(1104,396,'Ören'),(1105,397,'Çavuşlu'),(1106,397,'Görele'),(1107,397,'Merkezköyler'),(1108,398,'Güce'),(1109,398,'Merkezköyler'),(1110,399,'Keşap'),(1111,399,'Merkezköyler'),(1112,400,'Aksu'),(1113,400,'Batlama'),(1114,400,'Duroğlu'),(1115,400,'Merkezköyler'),(1116,401,'Merkezköyler'),(1117,401,'Piraziz'),(1118,402,'Merkezköyler'),(1119,402,'Şebinkarahisar'),(1120,403,'Merkezköyler'),(1121,403,'Tirebolu'),(1122,404,'Merkezköyler'),(1123,404,'Üçtepe'),(1124,404,'Yağlıdere'),(1125,405,'Deredolu'),(1126,405,'Gümüşgöze'),(1127,405,'Kelkit'),(1128,405,'Merkezköyler'),(1129,405,'Öbektaş'),(1130,405,'Söğütlü'),(1131,405,'Ünlüpınar'),(1132,406,'Köse'),(1133,406,'Merkezköyler'),(1134,407,'Kürtün'),(1135,407,'Merkezköyler'),(1136,407,'Özkürtün'),(1137,408,'Arzularkabaköy'),(1138,408,'Gümüşhane'),(1139,408,'Merkezköyler'),(1140,409,'Merkezköyler'),(1141,409,'Şiran'),(1142,409,'Yeşilbük'),(1143,410,'Merkezköyler'),(1144,410,'Torul'),(1145,411,'Çığlı'),(1146,411,'Çukurca'),(1147,411,'Merkezköyler'),(1148,412,'Derecik'),(1149,412,'Merkezköyler'),(1150,413,'Durankaya'),(1151,413,'Hakkari'),(1152,413,'Merkezköyler'),(1153,414,'Merkezköyler'),(1154,414,'Şemdinli'),(1155,415,'Büyükçiftlik'),(1156,415,'Esendere'),(1157,415,'Merkezköyler'),(1158,415,'Yüksekova'),(1159,416,'Altınözü'),(1160,417,'Esentepe'),(1161,417,'Haraparası'),(1162,417,'Kanatlı'),(1163,417,'Kışlasaray'),(1164,418,'Arsuz'),(1165,418,'Karaağaç'),(1166,419,'Belen'),(1167,420,'Defne'),(1168,421,'Dörtyol'),(1169,422,'Erzin'),(1170,423,'Hassa'),(1171,424,'Azganlık'),(1172,424,'Cumhuriyet'),(1173,424,'Meydan'),(1174,424,'Sanayi'),(1175,424,'Tepeler'),(1176,425,'Kırıkhan'),(1177,426,'Kumlu'),(1178,427,'Payas'),(1179,428,'Reyhanlı'),(1180,429,'Samandağ'),(1181,430,'Yayladağı'),(1182,431,'Aralık'),(1183,431,'Merkezköyler'),(1184,432,'Karakoyunlu'),(1185,432,'Merkezköyler'),(1186,433,'Halfeli'),(1187,433,'Hoşhaber'),(1188,433,'Iğdır'),(1189,433,'Melekli'),(1190,433,'Merkezköyler'),(1191,434,'Merkezköyler'),(1192,434,'Tuzluca'),(1193,435,'Aksu'),(1194,435,'Merkezköyler'),(1195,436,'Atabey'),(1196,436,'Merkezköyler'),(1197,437,'Eğirdir'),(1198,437,'Merkezköyler'),(1199,437,'Sarıidris'),(1200,438,'Gelendost'),(1201,438,'Merkezköyler'),(1202,439,'Gönen'),(1203,439,'Güneykent'),(1204,439,'Merkezköyler'),(1205,440,'Keçiborlu'),(1206,440,'Merkezköyler'),(1207,440,'Senir'),(1208,441,'Çelebiler'),(1209,441,'Kepeci'),(1210,441,'Kuleönü'),(1211,441,'Kutlubey'),(1212,441,'Merkezköyler'),(1213,441,'Sanayi'),(1214,441,'Sav'),(1215,442,'Büyükkabaca'),(1216,442,'Merkezköyler'),(1217,442,'Senirkent'),(1218,443,'Merkezköyler'),(1219,443,'Sütçüler'),(1220,444,'Çarıksaraylar'),(1221,444,'Çiçekpınar'),(1222,444,'Merkezköyler'),(1223,444,'Şarkikaraağaç'),(1224,445,'Merkezköyler'),(1225,445,'Uluborlu'),(1226,446,'Hüyüklü'),(1227,446,'Merkezköyler'),(1228,446,'Yalvaç'),(1229,447,'Merkezköyler'),(1230,447,'Yenişarbademli'),(1231,448,'Burgazada'),(1232,448,'Büyükada'),(1233,448,'Heybeliada'),(1234,448,'Kınalıada'),(1235,449,'Arnavutköy'),(1236,449,'Baklalı'),(1237,449,'Boğazköy'),(1238,449,'Bolluca'),(1239,449,'Hadımköy'),(1240,449,'Haraççı'),(1241,449,'Taşoluk'),(1242,450,'Atatürk'),(1243,450,'Ferhatpaşa'),(1244,450,'İçerenköy'),(1245,450,'Kayışdağı'),(1246,450,'Küçükbakkalköy'),(1247,450,'Mustafakemal'),(1248,450,'Örnek'),(1249,450,'Yeniçamlıca'),(1250,450,'Yenisahra'),(1251,451,'Ambarlı'),(1252,451,'Avcılar'),(1253,451,'Firuzköy'),(1254,451,'Gümüşpala'),(1255,452,'Bağcılar'),(1256,452,'Güneşli'),(1257,452,'Mahmutbey'),(1258,453,'Bahçelievler'),(1259,453,'Şirinevler'),(1260,453,'Yenibosna'),(1261,454,'Ataköy'),(1262,454,'Cevizlik'),(1263,454,'Florya'),(1264,454,'Kartaltepe'),(1265,454,'Osmaniye'),(1266,454,'Yeşilköy'),(1267,454,'Zeytinlik'),(1268,454,'Zuhuratbaba'),(1269,455,'Altınşehir'),(1270,455,'Bahçeşehir'),(1271,455,'Başakşehir'),(1272,455,'İkitelli'),(1273,455,'Şamlar'),(1274,456,'Altıntepsi'),(1275,456,'Muratpaşa'),(1276,456,'Numunebağ'),(1277,456,'Yıldırım'),(1278,457,'Abbasağa'),(1279,457,'Akatlar'),(1280,457,'Arnavutköy'),(1281,457,'Bebek'),(1282,457,'Etiler'),(1283,457,'Gayrettepe'),(1284,457,'Levazım'),(1285,457,'Levent'),(1286,457,'Ortaköy'),(1287,457,'Türkali'),(1288,458,'Anadoluhisarı'),(1289,458,'Beykoz'),(1290,458,'Çavuşbaşı'),(1291,458,'Çubuklu'),(1292,458,'Göksu'),(1293,458,'Paşabahçe'),(1294,458,'Polonezköy'),(1295,458,'Tokatköy'),(1296,459,'Beylikdüzü'),(1297,459,'Gürpınar'),(1298,459,'Yakuplu'),(1299,460,'Arapcami'),(1300,460,'Cihangir'),(1301,460,'Halıcıoğlu'),(1302,460,'İstiklal'),(1303,460,'Kasımpaşa'),(1304,460,'Kemankeş'),(1305,460,'Pürtelaş'),(1306,460,'Taksim'),(1307,460,'Tarlabaşı'),(1308,461,'Büyükçekmece'),(1309,461,'Celaliye'),(1310,461,'Kumburgaz'),(1311,461,'Mimarsinan'),(1312,461,'Tepecik'),(1313,462,'Çatalca'),(1314,463,'Alemdağ'),(1315,463,'Çekmeköy'),(1316,463,'Ömerli'),(1317,463,'Taşdelen'),(1318,464,'Atışalanı'),(1319,464,'Esenler'),(1320,464,'Karabayır'),(1321,464,'Sanayi'),(1322,465,'Esenyurt'),(1323,465,'İncirtepe'),(1324,465,'Kıraç'),(1325,465,'Mehterçeşme'),(1326,465,'Saadetdere'),(1327,465,'Sanayi'),(1328,466,'Alibeyköy'),(1329,466,'Çırçır'),(1330,466,'Eyüp'),(1331,466,'Göktürk'),(1332,466,'Işıklar'),(1333,466,'Kemerburgaz'),(1334,466,'Rami'),(1335,466,'Yeşilpınar'),(1336,467,'Aksaray'),(1337,467,'Balat'),(1338,467,'Bayazıt'),(1339,467,'Eminönü'),(1340,467,'İskenderpaşa'),(1341,467,'Karagümrük'),(1342,467,'Kocamustafapaşa'),(1343,467,'Kumkapı'),(1344,467,'Mahmutpaşa'),(1345,467,'Sirkeci'),(1346,467,'Sultanahmet'),(1347,467,'Şehremini'),(1348,467,'Tahtakale'),(1349,467,'Topkapı'),(1350,467,'Vefa'),(1351,467,'Yedikule'),(1352,467,'Zeyrek'),(1353,468,'Gaziosmanpaşa'),(1354,468,'Küçükköy'),(1355,468,'Mevlana'),(1356,468,'Yıldıztabya'),(1357,469,'Akıncılar'),(1358,469,'Güngören'),(1359,469,'Sanayi'),(1360,469,'Tozkoparan'),(1361,470,'Bostancı'),(1362,470,'Caddebostan'),(1363,470,'Caferağa'),(1364,470,'Eğitim'),(1365,470,'Erenköy'),(1366,470,'Fenerbahçe'),(1367,470,'Feneryolu'),(1368,470,'Fikirtepe'),(1369,470,'Göztepe'),(1370,470,'Koşuyolu'),(1371,470,'Kozyatağı'),(1372,470,'Merdivenköy'),(1373,470,'Ondokuzmayıs'),(1374,470,'Osmanağa'),(1375,470,'Rasimpaşa'),(1376,470,'Sahrayıcedit'),(1377,470,'Suadiye'),(1378,471,'Çağlayan'),(1379,471,'Çeliktepe'),(1380,471,'Gültepe'),(1381,471,'Gürsel'),(1382,471,'Hamidiye'),(1383,471,'Kağıthane Merkez'),(1384,471,'Seyrantepe'),(1385,471,'Şirintepe'),(1386,472,'Atalar'),(1387,472,'Esentepe'),(1388,472,'Kartal'),(1389,472,'Orhantepe'),(1390,472,'Soğanlık'),(1391,472,'Topselvi'),(1392,472,'Uğur Mumcu'),(1393,472,'Yakacık'),(1394,473,'Atakent'),(1395,473,'Halkalı'),(1396,473,'Küçükçekmece'),(1397,473,'Sefaköy'),(1398,474,'Aydınevler'),(1399,474,'Büyükbakkalköy'),(1400,474,'Cevizli'),(1401,474,'Feyzullah'),(1402,474,'Gülsuyu'),(1403,474,'İdealtepe'),(1404,474,'Küçükyalı'),(1405,474,'Yalı'),(1406,474,'Zümrütevler'),(1407,475,'Bahçelievler'),(1408,475,'Çamçeşme'),(1409,475,'Çarşı'),(1410,475,'Çınardere'),(1411,475,'Esenyalı'),(1412,475,'Kurna'),(1413,475,'Şeyhli'),(1414,475,'Yayalar'),(1415,475,'Yenişehir'),(1416,476,'Eyüpsultan'),(1417,476,'Osmangazi'),(1418,476,'Sarıgazi'),(1419,476,'Yenidoğan'),(1420,477,'Bahçeköy'),(1421,477,'Büyükdere'),(1422,477,'Emirgan'),(1423,477,'İstinye'),(1424,477,'Maslak'),(1425,477,'Rumelihisarı'),(1426,477,'Sarıyer'),(1427,477,'Tarabya'),(1428,477,'Yeniköy'),(1429,478,'Büyükçavuşlu'),(1430,478,'Çanta'),(1431,478,'Değirmenköy'),(1432,478,'Fener'),(1433,478,'Gümüşyaka'),(1434,478,'Kavaklı'),(1435,478,'Ortaköy'),(1436,478,'Selimpaşa'),(1437,478,'Silivri'),(1438,479,'Mehmetakif'),(1439,479,'Mimarsinan'),(1440,479,'Necipfazıl'),(1441,479,'Turgutreis'),(1442,480,'Sultançiftliği'),(1443,480,'Sultangazi'),(1444,480,'Zübeydehanım'),(1445,481,'Ağva'),(1446,481,'Ahmetli'),(1447,481,'Şile'),(1448,482,'Bozkurt'),(1449,482,'Cumhuriyet'),(1450,482,'Duatepe'),(1451,482,'Esentepe'),(1452,482,'Feriköy'),(1453,482,'Halaskargazi'),(1454,482,'Harbiye'),(1455,482,'Mecidiyeköy'),(1456,482,'Meşrutiyet'),(1457,482,'Okmeydanı'),(1458,482,'Pangaltı'),(1459,482,'Teşvikiye'),(1460,483,'Akfırat'),(1461,483,'Aydınlı'),(1462,483,'Çarşı'),(1463,483,'İçmeler'),(1464,483,'Mimarsinan'),(1465,483,'Orhanlı'),(1466,483,'Tersaneler'),(1467,484,'Aşağıdudullu'),(1468,484,'Atakent'),(1469,484,'Atatürk'),(1470,484,'Çakmak'),(1471,484,'Esenşehir'),(1472,484,'Ihlamurkuyu'),(1473,484,'İnkılap'),(1474,484,'Kazımkarabekir'),(1475,484,'Namıkkemal'),(1476,484,'Yukarıdudullu'),(1477,485,'Acıbadem'),(1478,485,'Altunizade'),(1479,485,'Bahçelievler'),(1480,485,'Beylerbeyi'),(1481,485,'Bulgurlu'),(1482,485,'Cumhuriyet'),(1483,485,'Çengelköy'),(1484,485,'Ferah'),(1485,485,'Kandilli'),(1486,485,'Kirazlıtepe'),(1487,485,'Kuzguncuk'),(1488,485,'Mimarsinan'),(1489,485,'Muratreis'),(1490,485,'Selimiye'),(1491,485,'Ünalan'),(1492,485,'Yavuztürk'),(1493,486,'Çırpıcı'),(1494,486,'Seyitnizam'),(1495,486,'Telsiz'),(1496,486,'Topkapı'),(1497,487,'Aliağa'),(1498,487,'Helvacı'),(1499,488,'Balçova'),(1500,489,'Bayındır'),(1501,489,'Canlı'),(1502,489,'Çırpı'),(1503,490,'Alpaslan'),(1504,490,'Bayraklı'),(1505,490,'Gümüşpala'),(1506,490,'Manavkuyu'),(1507,490,'Soğukkuyu'),(1508,491,'Bergama'),(1509,492,'Beydağ'),(1510,493,'Altındağ'),(1511,493,'Atatürk'),(1512,493,'Bornova'),(1513,493,'Çamdibi'),(1514,493,'Işıkkent'),(1515,493,'Kazımdirik'),(1516,493,'Naldöken'),(1517,493,'Pınarbaşı'),(1518,494,'Buca'),(1519,494,'Evka1'),(1520,494,'İşçievleri'),(1521,494,'Kaynaklar'),(1522,494,'Şirinyer'),(1523,495,'Alaçatı'),(1524,495,'Çeşme'),(1525,495,'Dalyan'),(1526,496,'Büyükçiğli'),(1527,496,'Çiğli'),(1528,496,'Egekent'),(1529,496,'Harmandalı'),(1530,497,'Dikili'),(1531,498,'Bağarası'),(1532,498,'Foça'),(1533,498,'Yenifoça'),(1534,499,'Gaziemir'),(1535,500,'Güzelbahçe'),(1536,501,'Fahrettinaltay'),(1537,501,'Hatay'),(1538,501,'Karabağlar'),(1539,501,'Kibar'),(1540,501,'Yeşilyurt'),(1541,501,'Zincirlikuyu'),(1542,502,'Karaburun'),(1543,502,'Mordoğan'),(1544,503,'Alaybey'),(1545,503,'Cumhuriyet'),(1546,503,'Denizbostanlısı'),(1547,503,'İmbatlı'),(1548,503,'Karşıyaka'),(1549,503,'Nergiz'),(1550,503,'Yalı'),(1551,504,'Armutlu'),(1552,504,'Bağyurdu'),(1553,504,'Kemalpaşa'),(1554,504,'Ören'),(1555,504,'Ulucak'),(1556,505,'Kınık'),(1557,506,'Kiraz'),(1558,507,'Alsancak'),(1559,507,'Basmane'),(1560,507,'Eşrefpaşa'),(1561,507,'Gültepe'),(1562,507,'Gürçeşme'),(1563,507,'Güzelyalı'),(1564,507,'Kahramanlar'),(1565,507,'Kemeraltı'),(1566,507,'Konak'),(1567,507,'Küçükyalı'),(1568,507,'Pasaport'),(1569,507,'Yenişehir'),(1570,508,'Ataköy'),(1571,508,'Değirmendere'),(1572,508,'Develi'),(1573,508,'Görece'),(1574,508,'Gümüldür'),(1575,508,'Kısık'),(1576,508,'Menderes'),(1577,508,'Özdere'),(1578,508,'Tekeli'),(1579,509,'Menemen'),(1580,510,'Narlıdere'),(1581,511,'Ödemiş'),(1582,512,'Doğanbey'),(1583,512,'Seferihisar'),(1584,512,'Ürkmez'),(1585,513,'Selçuk'),(1586,514,'Tire'),(1587,515,'Ayrancılar'),(1588,515,'Çaybaşı'),(1589,515,'Pancar'),(1590,515,'Subaşı'),(1591,515,'Torbalı'),(1592,515,'Yazıbaşı'),(1593,515,'Yeniköyosb'),(1594,516,'Bademler'),(1595,516,'Balıklıova'),(1596,516,'Çeşmealtı'),(1597,516,'İskele'),(1598,516,'İyte'),(1599,516,'Kuşçular'),(1600,516,'Özbek'),(1601,516,'Urla'),(1602,516,'Zeytinalanı'),(1603,517,'Afşin'),(1604,518,'Andırın'),(1605,518,'Çokak'),(1606,519,'Çağlayancerit'),(1607,520,'Adliye'),(1608,520,'Ağabeyli'),(1609,520,'Sanayi'),(1610,520,'Sütçüimam'),(1611,521,'Ekinözü'),(1612,522,'Elbistan'),(1613,523,'Göksun'),(1614,524,'Nurhak'),(1615,525,'Binevler'),(1616,525,'Hacıbayram'),(1617,525,'Süleymanlı'),(1618,526,'Pazarcık'),(1619,527,'Türkoğlu'),(1620,528,'Eflani'),(1621,528,'Merkezköyler'),(1622,529,'Eskipazar'),(1623,529,'Merkezköyler'),(1624,530,'100.Yıl'),(1625,530,'Bayır'),(1626,530,'Beşbinevler'),(1627,530,'Kayabaşı'),(1628,530,'Merkezköyler'),(1629,530,'Yenişehir'),(1630,531,'Merkezköyler'),(1631,531,'Ovacık'),(1632,532,'Merkezköyler'),(1633,532,'Safranbolu'),(1634,533,'Merkezköyler'),(1635,533,'Yenice'),(1636,533,'Yortan'),(1637,534,'Ayrancı'),(1638,534,'Merkezköyler'),(1639,535,'Başyayla'),(1640,535,'Merkezköyler'),(1641,536,'Ermenek'),(1642,536,'Güneyyurt'),(1643,536,'Kazancı'),(1644,536,'Merkezköyler'),(1645,537,'Kazımkarabekir'),(1646,537,'Merkezköyler'),(1647,538,'Akçaşehir'),(1648,538,'Hisar'),(1649,538,'Merkezköyler'),(1650,538,'Sudurağı'),(1651,538,'Sümer'),(1652,539,'Göktepe'),(1653,539,'Merkezköyler'),(1654,539,'Sarıveliler'),(1655,540,'Akyaka'),(1656,540,'Merkezköyler'),(1657,541,'Arpaçay'),(1658,541,'Merkezköyler'),(1659,542,'Dağpınar'),(1660,542,'Digor'),(1661,542,'Merkezköyler'),(1662,543,'Kağızman'),(1663,543,'Merkezköyler'),(1664,544,'Kars'),(1665,544,'Merkezköyler'),(1666,545,'Merkezköyler'),(1667,545,'Sarıkamış'),(1668,546,'Merkezköyler'),(1669,546,'Selim'),(1670,547,'Merkezköyler'),(1671,547,'Susuz'),(1672,548,'Abana'),(1673,548,'Merkezköyler'),(1674,549,'Ağlı'),(1675,549,'Merkezköyler'),(1676,550,'Araç'),(1677,550,'Merkezköyler'),(1678,551,'Azdavay'),(1679,551,'Merkezköyler'),(1680,552,'Bozkurt'),(1681,552,'Merkezköyler'),(1682,553,'Cide'),(1683,553,'Merkezköyler'),(1684,554,'Çatalzeytin'),(1685,554,'Merkezköyler'),(1686,555,'Daday'),(1687,555,'Merkezköyler'),(1688,556,'Devrekani'),(1689,556,'Merkezköyler'),(1690,557,'Doğanyurt'),(1691,557,'Merkezköyler'),(1692,558,'Gökçeağaç'),(1693,558,'Merkezköyler'),(1694,559,'İhsangazi'),(1695,559,'Merkezköyler'),(1696,560,'İnebolu'),(1697,560,'Merkezköyler'),(1698,561,'Küre'),(1699,561,'Merkezköyler'),(1700,562,'Akmescit'),(1701,562,'Cebrail'),(1702,562,'Kuzeykent'),(1703,562,'Merkezköyler'),(1704,563,'Merkezköyler'),(1705,563,'Pınarbaşı'),(1706,564,'Merkezköyler'),(1707,564,'Seydiler'),(1708,565,'Merkezköyler'),(1709,565,'Şenpazar'),(1710,566,'Merkezköyler'),(1711,566,'Taşköprü'),(1712,567,'Merkezköyler'),(1713,567,'Tosya'),(1714,568,'Akkışla'),(1715,569,'Bünyan'),(1716,570,'Develi'),(1717,571,'Felahiye'),(1718,572,'Hacılar'),(1719,572,'Hacılar Köyler'),(1720,573,'İncesu'),(1721,574,'Ankarayoluköyler'),(1722,574,'Argıncık'),(1723,574,'Beyazşehir'),(1724,574,'Erkilet'),(1725,574,'Erkilet Köyler'),(1726,574,'Fevzi Çakmak'),(1727,574,'Güneşli'),(1728,574,'Kazım Karabekir'),(1729,574,'Sanayi'),(1730,574,'Valilik'),(1731,574,'Yeni Mahalle'),(1732,574,'Yenişehir'),(1733,575,'Battalgazi'),(1734,575,'Belsin'),(1735,575,'Çarşı'),(1736,575,'Gesi'),(1737,575,'Gürpınar'),(1738,575,'Hisarcık'),(1739,575,'Hürriyet'),(1740,575,'İldem'),(1741,575,'Kazım Karabekir'),(1742,575,'Kılıçaslan'),(1743,575,'Mimarsinan'),(1744,576,'Çukur'),(1745,577,'Pınarbaşı'),(1746,578,'Sarıoğlan'),(1747,579,'Sarız'),(1748,580,'Talas'),(1749,580,'Talas Köyler'),(1750,581,'Tomarza'),(1751,582,'Yahyalı'),(1752,583,'Yeşilhisar'),(1753,584,'Bahşılı'),(1754,584,'Merkezköyler'),(1755,585,'Balışeyh'),(1756,585,'Merkezköyler'),(1757,586,'Çelebi'),(1758,586,'Merkezköyler'),(1759,587,'Çerikli'),(1760,587,'Delice'),(1761,587,'Merkezköyler'),(1762,588,'Karakeçili'),(1763,588,'Merkezköyler'),(1764,589,'Keskin'),(1765,589,'Merkezköyler'),(1766,590,'Fabrikalar'),(1767,590,'Hacılar'),(1768,590,'Merkezköyler'),(1769,590,'Sanayi'),(1770,590,'Tepebaşı'),(1771,590,'Yuva'),(1772,591,'Merkezköyler'),(1773,591,'Sulakyurt'),(1774,592,'Merkezköyler'),(1775,592,'Yahşihan'),(1776,593,'Alpullu'),(1777,593,'Babaeski'),(1778,593,'Büyükmandıra'),(1779,593,'Karahalil'),(1780,593,'Merkezköyler'),(1781,594,'Demirköy'),(1782,594,'İğneada'),(1783,594,'Merkezköyler'),(1784,595,'Kofçaz'),(1785,595,'Merkezköyler'),(1786,596,'Ahmetbey'),(1787,596,'Büyükkarıştıran'),(1788,596,'Evrensekiz'),(1789,596,'Lüleburgaz'),(1790,596,'Merkezköyler'),(1791,597,'Dereköy'),(1792,597,'İnece'),(1793,597,'Kavaklı'),(1794,597,'Kırklareli'),(1795,597,'Merkezköyler'),(1796,597,'Üsküp'),(1797,598,'Merkezköyler'),(1798,598,'Pehlivanköy'),(1799,599,'Kaynarca'),(1800,599,'Merkezköyler'),(1801,599,'Pınarhisar'),(1802,600,'Çakıllı'),(1803,600,'Kıyıköy'),(1804,600,'Merkezköyler'),(1805,600,'Sergen'),(1806,600,'Vize'),(1807,601,'Akçakent'),(1808,601,'Kösefakılı'),(1809,601,'Merkezköyler'),(1810,602,'Akpınar'),(1811,602,'Merkezköyler'),(1812,603,'Boztepe'),(1813,603,'Merkezköyler'),(1814,604,'Çiçekdağı'),(1815,604,'Köseli'),(1816,604,'Merkezköyler'),(1817,605,'Kaman'),(1818,605,'Kurancılı'),(1819,605,'Merkezköyler'),(1820,606,'Çarşı'),(1821,606,'Merkezköyler'),(1822,606,'Özbağ'),(1823,607,'Merkezköyler'),(1824,607,'Mucur'),(1825,608,'Elbeyli'),(1826,608,'Merkezköyler'),(1827,609,'Kilis'),(1828,609,'Merkezköyler'),(1829,610,'Merkezköyler'),(1830,610,'Musabeyli'),(1831,611,'Merkezköyler'),(1832,611,'Polateli'),(1833,612,'Bahçecik'),(1834,612,'Başiskele'),(1835,612,'Kullar'),(1836,612,'Seymen'),(1837,612,'Yeniköy'),(1838,612,'Yuvacık'),(1839,613,'Çayırova'),(1840,614,'Darıca'),(1841,615,'Derince'),(1842,616,'Dilovası'),(1843,617,'Gebze'),(1844,618,'Değirmendere'),(1845,618,'Gölcük'),(1846,619,'Alikahya'),(1847,619,'Çarşı'),(1848,619,'Gündoğdu'),(1849,619,'İzmit'),(1850,619,'Sahil'),(1851,619,'Saraybahçe'),(1852,619,'Yenidoğan'),(1853,619,'Yenişehir'),(1854,620,'Kandıra'),(1855,621,'Karamürsel'),(1856,622,'Arslanbey'),(1857,622,'Büyükderbent'),(1858,622,'Köseköy'),(1859,622,'Maşukiye'),(1860,622,'Suadiye'),(1861,622,'Uzunçiftlik'),(1862,622,'Uzuntarla'),(1863,623,'Hereke'),(1864,623,'Körfez'),(1865,624,'Ahırlı'),(1866,624,'Akkise'),(1867,625,'Akören'),(1868,626,'Akşehir'),(1869,626,'Kızılca'),(1870,626,'Nasreddin'),(1871,627,'Altınekin'),(1872,628,'Beyşehir'),(1873,628,'Hamidiye'),(1874,629,'Bozkır'),(1875,630,'Cihanbeyli'),(1876,630,'Cumhuriyet'),(1877,630,'Yeniceoba'),(1878,631,'Çeltik'),(1879,632,'Bardakçı'),(1880,632,'Çumra'),(1881,632,'İçeri Çumra'),(1882,633,'Derbent'),(1883,634,'Derebucak'),(1884,635,'Başköy'),(1885,635,'Doğanhisar'),(1886,635,'Karaağa'),(1887,636,'Emirgazi'),(1888,637,'Ereğli'),(1889,637,'Gülbahçe'),(1890,637,'Sümer'),(1891,638,'Güneysınır'),(1892,639,'Hadim'),(1893,640,'Halkapınar'),(1894,641,'Hüyük'),(1895,641,'İmrenler'),(1896,641,'Kıreli'),(1897,642,'Argıthanı'),(1898,642,'Camiatik'),(1899,642,'Çiğil'),(1900,642,'Ilgın'),(1901,643,'Kadınhanı'),(1902,644,'Karapınar'),(1903,645,'Erenler'),(1904,645,'Fevziçakmak'),(1905,645,'Karatay'),(1906,645,'Mevlana'),(1907,645,'Selimiye'),(1908,646,'Alparslan'),(1909,646,'Kulu'),(1910,646,'Ömeranlı'),(1911,647,'Alaaddin'),(1912,647,'Gödene'),(1913,647,'Kaşınhanı'),(1914,647,'Lalebahçe'),(1915,647,'Meram'),(1916,647,'Taşcami'),(1917,647,'Yaka'),(1918,648,'İstasyon'),(1919,648,'Sarayönü'),(1920,649,'Aydınlık'),(1921,649,'Bosna'),(1922,649,'Büyükkayacık'),(1923,649,'Cumhuriyet'),(1924,649,'Fatih'),(1925,649,'Horozluhan'),(1926,649,'Kampüs'),(1927,649,'Mimar Sinan'),(1928,649,'Nalçacı'),(1929,649,'Selçuklu'),(1930,649,'Sille'),(1931,649,'Tatköy'),(1932,649,'Yazır'),(1933,650,'Alaylar'),(1934,650,'Seydişehir'),(1935,650,'Seyitharun'),(1936,651,'Taşkent'),(1937,652,'Tuzlukçu'),(1938,653,'Yalıhüyük'),(1939,654,'Yunak'),(1940,655,'Altıntaş'),(1941,655,'Merkezköyler'),(1942,656,'Aslanapa'),(1943,656,'Merkezköyler'),(1944,657,'Çavdarhisar'),(1945,657,'Merkezköyler'),(1946,658,'Çukurca'),(1947,658,'Domaniç'),(1948,658,'Merkezköyler'),(1949,659,'Dumlupınar'),(1950,659,'Merkezköyler'),(1951,660,'Emet'),(1952,660,'Merkezköyler'),(1953,661,'Eskigediz'),(1954,661,'Gediz'),(1955,661,'Gökler'),(1956,661,'Merkezköyler'),(1957,661,'Yenikent'),(1958,662,'Hisarcık'),(1959,662,'Merkezköyler'),(1960,663,'Alipaşa'),(1961,663,'Börekçiler'),(1962,663,'Hamidiye'),(1963,663,'Merkezköyler'),(1964,663,'Seyitömer'),(1965,664,'Merkezköyler'),(1966,664,'Pazarlar'),(1967,665,'Akdağ'),(1968,665,'Çitgöl'),(1969,665,'Demirci'),(1970,665,'Güney'),(1971,665,'Kuşu'),(1972,665,'Merkezköyler'),(1973,665,'Naşa'),(1974,665,'Simav'),(1975,666,'Merkezköyler'),(1976,666,'Şaphane'),(1977,667,'Balıköy'),(1978,667,'Kuruçay'),(1979,667,'Merkezköyler'),(1980,667,'Tavşanlı'),(1981,667,'Tepecik'),(1982,667,'Tunçbilek'),(1983,668,'Akçadağ'),(1984,669,'Arapgir'),(1985,670,'Arguvan'),(1986,671,'Battalgazi'),(1987,671,'Beydağı'),(1988,671,'Dabakhane'),(1989,671,'Hanımınçiftliği'),(1990,671,'Kanalboyu'),(1991,671,'Kapalıçarşı'),(1992,671,'Orduzu'),(1993,671,'Sıtmapınarı'),(1994,671,'Taştepe'),(1995,672,'Darende'),(1996,673,'Doğanşehir'),(1997,674,'Doğanyol'),(1998,675,'Hekimhan'),(1999,676,'Kale'),(2000,677,'Kuluncak'),(2001,678,'Pötürge'),(2002,679,'Yazıhan'),(2003,680,'Bostanbaşı'),(2004,680,'Çavuşoğlu'),(2005,680,'Dilek'),(2006,680,'Gündüzbey'),(2007,680,'Karakavak'),(2008,680,'Özalper'),(2009,680,'Şahnahan'),(2010,680,'Topsöğüt'),(2011,680,'Yakınca'),(2012,680,'Yeşiltepe'),(2013,680,'Yeşilyurt'),(2014,681,'Ahmetli'),(2015,681,'Gökkaya'),(2016,682,'Akhisar'),(2017,683,'Alaşehir'),(2018,683,'Kavaklıdere'),(2019,683,'Kemaliye'),(2020,683,'Killik'),(2021,683,'Piyadeler'),(2022,683,'Uluderbent'),(2023,683,'Yeşilyurt'),(2024,684,'Demirci'),(2025,684,'Durhasan'),(2026,684,'Mahmutlar'),(2027,685,'Gölmarmara'),(2028,686,'Çiçekli'),(2029,686,'Gördes'),(2030,686,'Güneşli'),(2031,686,'Kayacık'),(2032,687,'Bakır'),(2033,687,'Gelenbe'),(2034,687,'İlyaslar'),(2035,687,'Karakurt'),(2036,687,'Kırkağaç'),(2037,688,'Köprübaşı'),(2038,689,'Kula'),(2039,690,'Adala'),(2040,690,'Durasıllı'),(2041,690,'Poyraz'),(2042,690,'Salihli'),(2043,690,'Sart'),(2044,691,'Sarıgöl'),(2045,692,'Alibeyli'),(2046,692,'Büyükbelen'),(2047,692,'Dilek'),(2048,692,'Gökçeköy'),(2049,692,'Gümülceli'),(2050,692,'Hacırahmanlı'),(2051,692,'Halitpaşa'),(2052,692,'İshakçelebi'),(2053,692,'Koldere'),(2054,692,'Kumkuyucak'),(2055,692,'Mütevelli'),(2056,692,'Nuriye'),(2057,692,'Paşaköy'),(2058,692,'Saruhanlı'),(2059,693,'Selendi'),(2060,694,'Avdan'),(2061,694,'Cenkyeri'),(2062,694,'Soma'),(2063,694,'Turgutalp'),(2064,694,'Yağcılı'),(2065,695,'Aşağıçobanisa'),(2066,695,'Çarşı'),(2067,695,'Hacıhaliller'),(2068,695,'Karaağaçlı'),(2069,695,'Karaköy'),(2070,695,'Karaoğlanlı'),(2071,695,'Kuzey'),(2072,695,'Sancaklıbozköy'),(2073,695,'Şehzadeler'),(2074,696,'Derbent'),(2075,696,'Turgutlu'),(2076,696,'Urganlı'),(2077,697,'50.Yıl'),(2078,697,'Laleli'),(2079,697,'Muradiye'),(2080,697,'Tevfikiye'),(2081,697,'Üçpınar'),(2082,697,'Yunusemre'),(2083,698,'Gökçe'),(2084,698,'İstasyon'),(2085,698,'Kabala'),(2086,698,'Nur'),(2087,698,'Savurkapı'),(2088,699,'Dargeçit'),(2089,700,'Derik'),(2090,701,'Kızıltepe'),(2091,702,'Mazıdağı'),(2092,703,'Eskimidyat'),(2093,703,'Hükümet'),(2094,704,'Nusaybin'),(2095,705,'Ömerli'),(2096,706,'Savur'),(2097,707,'Yeşilli'),(2098,708,'Adanalıoğlu'),(2099,708,'Barış'),(2100,708,'Camiişerif'),(2101,708,'Çankaya'),(2102,708,'Dikilitaş'),(2103,708,'Evci'),(2104,708,'Gündoğdu'),(2105,708,'Hal'),(2106,708,'Huzurkent'),(2107,708,'Karacailyas'),(2108,708,'Karaduvar'),(2109,708,'Kazanlı'),(2110,708,'Nusratiye'),(2111,709,'Anamur'),(2112,709,'Göktaş'),(2113,709,'İskele'),(2114,710,'Aydıncık'),(2115,710,'Karadere'),(2116,711,'Ardıçlıtaş'),(2117,711,'Bozyazı'),(2118,712,'Çamlıyayla'),(2119,712,'Darıpınarı'),(2120,713,'Erdemli'),(2121,714,'Gülnar'),(2122,714,'Köseçobanlı'),(2123,715,'Akdeniz'),(2124,715,'Atatürk'),(2125,715,'Davultepe'),(2126,715,'Fındıkpınarı'),(2127,715,'Tece'),(2128,716,'Mut'),(2129,717,'Atakent'),(2130,717,'Atayurt'),(2131,717,'Gazi'),(2132,717,'Pazarkaşı'),(2133,717,'Silifke'),(2134,717,'Taşucu'),(2135,718,'82Evler'),(2136,718,'Akşemsettin'),(2137,718,'Altaylılar'),(2138,718,'Anıt'),(2139,718,'Aşağı Köyler'),(2140,718,'Bahçe'),(2141,718,'Beydeğirmeni'),(2142,718,'Caminur'),(2143,718,'Çamlıyayla'),(2144,718,'Kavaklı'),(2145,718,'Kızılmurat'),(2146,718,'Yenice'),(2147,718,'Yolboyu'),(2148,718,'Yukarı Köyler'),(2149,719,'Akbelen'),(2150,719,'Arslanköy'),(2151,719,'Çavuşlu'),(2152,719,'Demirtaş'),(2153,719,'Halkkent'),(2154,719,'Sağlık'),(2155,719,'Selçuklar'),(2156,720,'Afetevler'),(2157,720,'Bahçelievler'),(2158,720,'Barbaros'),(2159,720,'Cumhuriyet'),(2160,720,'Değirmençay'),(2161,721,'Bodrum'),(2162,722,'Dalaman'),(2163,723,'Datça'),(2164,724,'Fethiye'),(2165,725,'Kavaklıdere'),(2166,726,'Köyceğiz'),(2167,727,'Marmaris'),(2168,728,'Menteşe'),(2169,729,'Milas'),(2170,730,'Ortaca'),(2171,731,'Seydikemer'),(2172,732,'Ula'),(2173,733,'Yatağan'),(2174,734,'Bulanık'),(2175,734,'Elmakaya'),(2176,734,'Erentepe'),(2177,734,'Merkezköyler'),(2178,734,'Rüstemgedik'),(2179,734,'Sarıpınar'),(2180,734,'Uzgörür'),(2181,734,'Yoncalı'),(2182,735,'Düzkışla'),(2183,735,'Hasköy'),(2184,735,'Merkezköyler'),(2185,736,'Altınova'),(2186,736,'Korkut'),(2187,736,'Merkezköyler'),(2188,737,'Aktuzla'),(2189,737,'Karahasan'),(2190,737,'Konakkuran'),(2191,737,'Malazgirt'),(2192,737,'Merkezköyler'),(2193,737,'Nurettin'),(2194,738,'Karaağaçlı'),(2195,738,'Kırköy'),(2196,738,'Kızılağaç'),(2197,738,'Konukbekler'),(2198,738,'Merkez'),(2199,738,'Merkezköyler'),(2200,738,'Serinova'),(2201,738,'Sungu'),(2202,738,'Yaygın'),(2203,738,'Yeşilova'),(2204,739,'Çaylar'),(2205,739,'Merkezköyler'),(2206,739,'Varto'),(2207,740,'Acıgöl'),(2208,740,'Karapınar'),(2209,740,'Merkezköyler'),(2210,740,'Tatların'),(2211,741,'Avanos'),(2212,741,'Çalış'),(2213,741,'Kalaba'),(2214,741,'Merkezköyler'),(2215,741,'Özkonak'),(2216,742,'Derinkuyu'),(2217,742,'Merkezköyler'),(2218,742,'Yazıhüyük'),(2219,743,'Gülşehir'),(2220,743,'Merkezköyler'),(2221,744,'Hacıbektaş'),(2222,744,'Merkezköyler'),(2223,745,'Kozaklı'),(2224,745,'Merkezköyler'),(2225,746,'Camicedit'),(2226,746,'Çarşı'),(2227,746,'Çat'),(2228,746,'Göre'),(2229,746,'Göreme'),(2230,746,'Kavak'),(2231,746,'Kaymaklı'),(2232,746,'Merkezköyler'),(2233,746,'Nar'),(2234,746,'Sulusaray'),(2235,746,'Uçhisar'),(2236,747,'Merkezköyler'),(2237,747,'Ortahisar'),(2238,747,'Ürgüp'),(2239,748,'Altunhisar'),(2240,748,'Karakapı'),(2241,748,'Keçikalesi'),(2242,748,'Merkezköyler'),(2243,749,'Bahçeli'),(2244,749,'Bor'),(2245,749,'Çukurkuyu'),(2246,749,'Kemerhisar'),(2247,749,'Merkezköyler'),(2248,750,'Çamardı'),(2249,750,'Merkezköyler'),(2250,751,'Azatlı'),(2251,751,'Bozköy'),(2252,751,'Divarlı'),(2253,751,'Merkezköyler'),(2254,751,'Özyurt'),(2255,752,'Afetevleri'),(2256,752,'Aktaş'),(2257,752,'Alay'),(2258,752,'Bağlama'),(2259,752,'Değirmenli'),(2260,752,'Dündarlı'),(2261,752,'Edikli'),(2262,752,'Gümüşler'),(2263,752,'Hacıabdullah'),(2264,752,'Karaatlı'),(2265,752,'Kiledere'),(2266,752,'Konaklı'),(2267,752,'Merkezköyler'),(2268,752,'Orhanlı'),(2269,752,'Sazlıca'),(2270,752,'Sungurbey'),(2271,752,'Yeşilgölcük'),(2272,752,'Yıldıztepe'),(2273,753,'Merkezköyler'),(2274,753,'Ulukışla'),(2275,754,'Akkuş'),(2276,755,'Bahcelievler'),(2277,755,'Düz Mahalle'),(2278,755,'Saraycık'),(2279,756,'Aybastı'),(2280,757,'Çamaş'),(2281,758,'Çatalpınar'),(2282,759,'Çaybaşı'),(2283,760,'Fatsa'),(2284,761,'Gölköy'),(2285,762,'Gülyalı'),(2286,763,'Gürgentepe'),(2287,764,'İkizce'),(2288,765,'Karadüz'),(2289,766,'Kabataş'),(2290,767,'Korgan'),(2291,768,'Kumru'),(2292,769,'Mesudiye'),(2293,770,'Perşembe'),(2294,771,'Ulubey'),(2295,772,'Ünye'),(2296,773,'Bahçe'),(2297,773,'Merkezköyler'),(2298,774,'Atalan'),(2299,774,'Böcekli'),(2300,774,'Düziçi'),(2301,774,'Ellek'),(2302,774,'Merkezköyler'),(2303,774,'Yarbaşı'),(2304,775,'Hasanbeyli'),(2305,775,'Merkezköyler'),(2306,776,'Cemalpaşa'),(2307,776,'Kadirli'),(2308,776,'Merkezköyler'),(2309,777,'Atatürk'),(2310,777,'Cevdetiye'),(2311,777,'Merkezköyler'),(2312,778,'Mehmetli'),(2313,778,'Merkezköyler'),(2314,778,'Sumbas'),(2315,779,'Merkezköyler'),(2316,779,'Toprakkale'),(2317,779,'Tüysüz'),(2318,780,'Ardeşen'),(2319,780,'Merkezköyler'),(2320,780,'Tunca'),(2321,781,'Çamlıhemşin'),(2322,781,'Merkezköyler'),(2323,782,'Büyükköy'),(2324,782,'Çayeli'),(2325,782,'Madenli'),(2326,782,'Merkezköyler'),(2327,783,'Derepazarı'),(2328,783,'Merkezköyler'),(2329,784,'Fındıklı'),(2330,784,'Merkezköyler'),(2331,785,'Güneysu'),(2332,785,'Merkezköyler'),(2333,786,'Hemşin'),(2334,786,'Merkezköyler'),(2335,787,'İkizdere'),(2336,787,'Merkezköyler'),(2337,788,'İyidere'),(2338,788,'Merkezköyler'),(2339,789,'Kalkandere'),(2340,789,'Merkezköyler'),(2341,790,'Gündoğdu'),(2342,790,'Kendirli'),(2343,790,'Merkezköyler'),(2344,790,'Muradiye'),(2345,790,'Rize'),(2346,790,'Salarha'),(2347,791,'Merkezköyler'),(2348,791,'Pazar'),(2349,792,'Adapazarı'),(2350,792,'Karaman'),(2351,793,'Akyazı'),(2352,794,'Arifiye'),(2353,795,'Erenler'),(2354,796,'Ferizli'),(2355,797,'Geyve'),(2356,798,'Hendek'),(2357,799,'Karapürçek'),(2358,800,'Karasu'),(2359,801,'Kaynarca'),(2360,802,'Kocaali'),(2361,803,'Pamukova'),(2362,804,'Sapanca'),(2363,805,'Serdivan'),(2364,805,'Yazlık'),(2365,806,'Söğütlü'),(2366,807,'Taraklı'),(2367,808,'19 Mayıs Ballıca'),(2368,809,'Alaçam'),(2369,810,'Asarcık'),(2370,811,'Atakum'),(2371,811,'Kurupelit'),(2372,812,'Ayvacık'),(2373,813,'Bafra'),(2374,814,'Canik'),(2375,815,'Çarşamba'),(2376,816,'Havza'),(2377,817,'Bahçelievler'),(2378,817,'İstasyon'),(2379,817,'Kadıköy'),(2380,817,'Kale'),(2381,817,'Liman'),(2382,817,'Rasathane'),(2383,817,'Unkapanı'),(2384,817,'Yeşilkent'),(2385,818,'Kavak'),(2386,819,'Ladik'),(2387,820,'Salıpazarı'),(2388,821,'Aşağıçinik'),(2389,821,'Büyüklü'),(2390,821,'Kutlukent'),(2391,821,'Tekkeköy'),(2392,822,'Terme'),(2393,823,'Merkezköyler'),(2394,823,'Vezirköprü'),(2395,824,'Yakakent'),(2396,825,'Atabağı'),(2397,825,'Baykan'),(2398,825,'Dilektepe'),(2399,825,'Merkezköyler'),(2400,825,'Veyselkarani'),(2401,826,'Bağgöze'),(2402,826,'Eruh'),(2403,826,'Merkezköyler'),(2404,827,'Kayabağlar'),(2405,827,'Kurtalan'),(2406,827,'Merkezköyler'),(2407,828,'Gökçebağ'),(2408,828,'Merkezköyler'),(2409,828,'Siirt'),(2410,829,'Beğendik'),(2411,829,'Merkezköyler'),(2412,829,'Pervari'),(2413,830,'Cevizlik'),(2414,830,'Merkezköyler'),(2415,830,'Özpınar'),(2416,830,'Şirvan'),(2417,831,'Aydınlar'),(2418,831,'Merkezköyler'),(2419,832,'Ayancık'),(2420,832,'Merkezköyler'),(2421,833,'Boyabat'),(2422,833,'Merkezköyler'),(2423,834,'Dikmen'),(2424,834,'Merkezköyler'),(2425,835,'Durağan'),(2426,835,'Merkezköyler'),(2427,836,'Erfelek'),(2428,836,'Merkezköyler'),(2429,837,'Gerze'),(2430,837,'Merkezköyler'),(2431,838,'Merkezköyler'),(2432,838,'Sinop'),(2433,839,'Merkezköyler'),(2434,839,'Saraydüzü'),(2435,840,'Merkezköyler'),(2436,840,'Türkeli'),(2437,841,'Akıncılar'),(2438,841,'Merkezköyler'),(2439,842,'Altınyayla'),(2440,842,'Deliilyas'),(2441,842,'Merkezköyler'),(2442,843,'Divriği'),(2443,843,'Merkezköyler'),(2444,844,'Doğanşar'),(2445,844,'Merkezköyler'),(2446,845,'Çepni'),(2447,845,'Eğerci'),(2448,845,'Gemerek'),(2449,845,'Inkışla'),(2450,845,'Merkezköyler'),(2451,845,'Sızır'),(2452,845,'Yeniçubuk'),(2453,846,'Gölova'),(2454,846,'Merkezköyler'),(2455,847,'Gürün'),(2456,847,'Merkezköyler'),(2457,848,'Hafik'),(2458,848,'Merkezköyler'),(2459,849,'İmranlı'),(2460,849,'Merkezköyler'),(2461,850,'Kangal'),(2462,850,'Merkezköyler'),(2463,851,'Koyulhisar'),(2464,851,'Merkezköyler'),(2465,852,'Alibaba'),(2466,852,'Aydoğan'),(2467,852,'Çarşı'),(2468,852,'Kümbet'),(2469,852,'Merkezköyler'),(2470,852,'Yenişehir'),(2471,852,'Yıldız'),(2472,853,'Merkezköyler'),(2473,853,'Suşehri'),(2474,854,'Cemel'),(2475,854,'Gürçayır'),(2476,854,'Merkezköyler'),(2477,854,'Şarkışla'),(2478,855,'Merkezköyler'),(2479,855,'Ulaş'),(2480,856,'Güneykaya'),(2481,856,'Merkezköyler'),(2482,856,'Yıldızeli'),(2483,857,'Merkezköyler'),(2484,857,'Zara'),(2485,858,'Akçakale'),(2486,859,'Birecik'),(2487,860,'Bozova'),(2488,860,'Yaylak'),(2489,861,'Ceylanpınar'),(2490,862,'Çarşı'),(2491,862,'Eyyübiye'),(2492,863,'Halfeti'),(2493,864,'Bağlarbaşı'),(2494,864,'Bahçelievler'),(2495,864,'Şairnabi'),(2496,864,'Yenişehir'),(2497,865,'Harran'),(2498,866,'Hilvan'),(2499,867,'Karaköprü'),(2500,868,'Siverek'),(2501,869,'Suruç'),(2502,870,'Viranşehir'),(2503,871,'Beytüşşebap'),(2504,871,'Merkezköyler'),(2505,872,'Cizre'),(2506,872,'Merkezköyler'),(2507,873,'Fındık'),(2508,873,'Güçlükonak'),(2509,873,'Merkezköyler'),(2510,874,'İdil'),(2511,874,'Karalar'),(2512,874,'Merkezköyler'),(2513,874,'Sırtköy'),(2514,875,'Balveren'),(2515,875,'Kasrik'),(2516,875,'Kumçatı'),(2517,875,'Merkezköyler'),(2518,875,'Şırnak'),(2519,876,'Başverimli'),(2520,876,'Çalışkan'),(2521,876,'Görümlü'),(2522,876,'Merkezköyler'),(2523,876,'Silopi'),(2524,877,'Hilal'),(2525,877,'Merkezköyler'),(2526,877,'Şenoba'),(2527,877,'Uludere'),(2528,877,'Uzungeçit'),(2529,878,'Çerkezköy'),(2530,879,'Çorlu'),(2531,879,'Silahtar'),(2532,880,'Marmaracık'),(2533,881,'Hayrabolu'),(2534,882,'Kapaklı'),(2535,883,'Malkara'),(2536,884,'Marmaraereğlisi'),(2537,885,'Muratlı'),(2538,886,'Saray'),(2539,887,'Altınova'),(2540,887,'Aydoğdu'),(2541,887,'Eskicami'),(2542,887,'Kumbağ'),(2543,887,'Süleymanpaşa'),(2544,888,'Şarköy'),(2545,889,'Akarçay Görümlü'),(2546,889,'Almus'),(2547,889,'Ataköy'),(2548,889,'Çevreli'),(2549,889,'Gölgeli'),(2550,889,'Kınık'),(2551,889,'Merkezköyler'),(2552,890,'Artova'),(2553,890,'Merkezköyler'),(2554,891,'Başçiftlik'),(2555,891,'Hatipli'),(2556,891,'Merkezköyler'),(2557,892,'Erbaa'),(2558,892,'Gökal'),(2559,892,'Karayaka'),(2560,892,'Merkezköyler'),(2561,892,'Tanoba'),(2562,893,'Çamlıbel'),(2563,893,'Çat'),(2564,893,'Emirseyit'),(2565,893,'Geyras'),(2566,893,'Gökdere'),(2567,893,'Güryıldız'),(2568,893,'Karşıyaka'),(2569,893,'Merkezköyler'),(2570,894,'Gökçeli'),(2571,894,'Gürçeşme'),(2572,894,'Merkezköyler'),(2573,894,'Niksar'),(2574,894,'Serenli'),(2575,894,'Yazıcık'),(2576,894,'Yolkonak'),(2577,895,'Merkezköyler'),(2578,895,'Pazar'),(2579,895,'Üzümören'),(2580,896,'Baydarlı'),(2581,896,'Bereketli'),(2582,896,'Bozçalı'),(2583,896,'Cimitekke'),(2584,896,'Hasanşeyh'),(2585,896,'Merkezköyler'),(2586,896,'Reşadiye'),(2587,897,'Merkezköyler'),(2588,897,'Sulusaray'),(2589,898,'Merkezköyler'),(2590,898,'Şenyurt'),(2591,898,'Turhal'),(2592,899,'Merkezköyler'),(2593,899,'Yeşilyurt'),(2594,900,'Merkezköyler'),(2595,900,'Zile'),(2596,901,'Akçaabat'),(2597,902,'Araklı'),(2598,903,'Arsin'),(2599,904,'Beşikdüzü'),(2600,905,'Çarşıbaşı'),(2601,906,'Çaykara'),(2602,907,'Dernekpazarı'),(2603,908,'Düzköy'),(2604,909,'Hayrat'),(2605,910,'Köprübaşı'),(2606,911,'Maçka'),(2607,912,'Of'),(2608,913,'Beşirli'),(2609,913,'Bostancı'),(2610,913,'Boztepe'),(2611,913,'Çarşı'),(2612,913,'Erdoğdu'),(2613,914,'Sürmene'),(2614,915,'Şalpazarı'),(2615,916,'Tonya'),(2616,917,'Vakfıkebir'),(2617,918,'Yomra'),(2618,919,'Çemişgezek'),(2619,919,'Merkezköyler'),(2620,920,'Hozat'),(2621,920,'Merkezköyler'),(2622,921,'Akpazar'),(2623,921,'Mazgirt'),(2624,921,'Merkezköyler'),(2625,922,'Merkezköyler'),(2626,922,'Tunceli'),(2627,923,'Merkezköyler'),(2628,923,'Nazımiye'),(2629,924,'Merkezköyler'),(2630,924,'Ovacık'),(2631,925,'Merkezköyler'),(2632,925,'Pertek'),(2633,926,'Merkezköyler'),(2634,926,'Pülümür'),(2635,927,'Banaz'),(2636,927,'Kızılcasöğüt'),(2637,927,'Merkezköyler'),(2638,928,'Eşme'),(2639,928,'Merkezköyler'),(2640,928,'Yeleğen'),(2641,929,'Karahallı'),(2642,929,'Merkezköyler'),(2643,930,'Cumhuriyet'),(2644,930,'Merkezköyler'),(2645,931,'Merkezköyler'),(2646,931,'Pınarbaşı'),(2647,931,'Selçikler'),(2648,931,'Sivaslı'),(2649,931,'Tatar'),(2650,932,'Merkezköyler'),(2651,932,'Ulubey'),(2652,933,'Bahçesaray'),(2653,934,'Başkale'),(2654,935,'Çaldıran'),(2655,936,'Çatak'),(2656,937,'Gümüşdere'),(2657,937,'Süphan'),(2658,938,'Erciş'),(2659,939,'Gevaş'),(2660,940,'Gürpınar'),(2661,941,'Erçek'),(2662,941,'Valimitatbey'),(2663,942,'Muradiye'),(2664,943,'Özalp'),(2665,944,'Saray'),(2666,945,'İskele'),(2667,945,'İstasyon'),(2668,946,'Altınova'),(2669,946,'Kaytazdere'),(2670,946,'Merkezköyler'),(2671,946,'Subaşı'),(2672,946,'Tavşanlı'),(2673,947,'Armutlu'),(2674,947,'Merkezköyler'),(2675,948,'Çınarcık'),(2676,948,'Esenköy'),(2677,948,'Koru'),(2678,948,'Merkezköyler'),(2679,948,'Teşvikiye'),(2680,949,'Çiftlikköy'),(2681,949,'Merkezköyler'),(2682,949,'Taşköprü'),(2683,950,'Bağlarbaşı'),(2684,950,'Kadıköy'),(2685,950,'Merkezköyler'),(2686,951,'Merkezköyler'),(2687,951,'Termal'),(2688,952,'Akdağmadeni'),(2689,952,'Belekçehan'),(2690,952,'Merkezköyler'),(2691,952,'Oluközü'),(2692,952,'Umutlu'),(2693,953,'Aydıncık'),(2694,953,'Baydiğin'),(2695,953,'Merkezköyler'),(2696,954,'Boğazlıyan'),(2697,954,'Merkezköyler'),(2698,954,'Ovakent'),(2699,954,'Sırçalı'),(2700,954,'Uzunlu'),(2701,954,'Yamaçlı'),(2702,954,'Yenipazar'),(2703,955,'Çandır'),(2704,955,'Merkezköyler'),(2705,956,'Çayıralan'),(2706,956,'Konuklar'),(2707,956,'Merkezköyler'),(2708,957,'Çekerek'),(2709,957,'Merkezköyler'),(2710,957,'Özükavak'),(2711,958,'Halıköy'),(2712,958,'Kadışehri'),(2713,958,'Merkezköyler'),(2714,959,'Merkezköyler'),(2715,959,'Yozgat'),(2716,960,'Dedefakılı'),(2717,960,'Merkezköyler'),(2718,960,'Ozan'),(2719,960,'Saraykent'),(2720,961,'Karayakup'),(2721,961,'Merkezköyler'),(2722,961,'Sarıkaya'),(2723,962,'Araplı'),(2724,962,'Bahadın'),(2725,962,'Çiğdemli'),(2726,962,'Doğankent'),(2727,962,'Eymir'),(2728,962,'Gülşehri'),(2729,962,'Merkezköyler'),(2730,962,'Sorgun'),(2731,962,'Yeniyer'),(2732,963,'Merkezköyler'),(2733,963,'Şefaatli'),(2734,964,'Merkezköyler'),(2735,964,'Yenifakılı'),(2736,965,'Merkezköyler'),(2737,965,'Yerköy'),(2738,966,'Alaplı'),(2739,966,'Gümeli'),(2740,966,'Merkezköyler'),(2741,967,'Çaycuma'),(2742,967,'Filyos'),(2743,967,'Karapınar'),(2744,967,'Merkezköyler'),(2745,967,'Nebioğlu'),(2746,967,'Perşembe'),(2747,967,'Saltukova'),(2748,968,'Çaydeğirmeni'),(2749,968,'Devrek'),(2750,968,'Eğerci'),(2751,968,'Merkezköyler'),(2752,969,'Gülüç'),(2753,969,'Kandilli'),(2754,969,'Karadenizereğli'),(2755,969,'Merkezköyler'),(2756,969,'Ormanlı'),(2757,970,'Bakacakkadı'),(2758,970,'Gökçebey'),(2759,970,'Merkezköyler'),(2760,971,'Çatalağzı'),(2761,971,'Gelik'),(2762,971,'Kilimli'),(2763,971,'Merkezköyler'),(2764,971,'Muslu'),(2765,972,'Kozlu'),(2766,972,'Merkezköyler'),(2767,973,'Beycuma'),(2768,973,'Elvanpazarcık'),(2769,973,'Karaman'),(2770,973,'Merkezköyler'),(2771,973,'Zonguldak');
/*!40000 ALTER TABLE `neighborhood` ENABLE KEYS */;
UNLOCK TABLES;

--
-- Table structure for table `User`
--

DROP TABLE IF EXISTS `User`;
/*!40101 SET @saved_cs_client     = @@character_set_client */;
/*!50503 SET character_set_client = utf8mb4 */;
CREATE TABLE `User` (
  `id` int NOT NULL AUTO_INCREMENT,
  `name` varchar(255) DEFAULT NULL,
  `surname` varchar(255) DEFAULT NULL,
  `email` varchar(255) DEFAULT NULL,
  `phone` varchar(255) DEFAULT NULL,
  `location` int DEFAULT NULL,
  `blood_type_id` int DEFAULT NULL,
  `gender` enum('Male','Female','Other') DEFAULT NULL,
  `birth_date` date DEFAULT NULL,
  `weight` int DEFAULT NULL,
  `is_donor` enum('Yes','No') DEFAULT NULL,
  `can_donate` enum('Yes','No') DEFAULT NULL,
  `agreed_terms` enum('Yes','No') DEFAULT NULL,
  `hashed_password` varchar(255) CHARACTER SET utf8mb4 COLLATE utf8mb4_0900_ai_ci DEFAULT NULL,
  `status` int DEFAULT NULL,
  `created_date` date DEFAULT NULL,
  `updated_date` date DEFAULT NULL,
  `updated_by` int DEFAULT NULL,
  PRIMARY KEY (`id`),
  KEY `location` (`location`),
  KEY `blood_type` (`blood_type_id`),
  KEY `updated_by` (`updated_by`),
  CONSTRAINT `User_ibfk_1` FOREIGN KEY (`location`) REFERENCES `neighborhood` (`id`),
  CONSTRAINT `User_ibfk_2` FOREIGN KEY (`blood_type_id`) REFERENCES `blood_type` (`id`),
  CONSTRAINT `User_ibfk_3` FOREIGN KEY (`updated_by`) REFERENCES `Admin` (`id`)
) ENGINE=InnoDB AUTO_INCREMENT=63 DEFAULT CHARSET=utf8mb4 COLLATE=utf8mb4_0900_ai_ci;
/*!40101 SET character_set_client = @saved_cs_client */;

--
-- Dumping data for table `User`
--

LOCK TABLES `User` WRITE;
/*!40000 ALTER TABLE `User` DISABLE KEYS */;
INSERT INTO `User` VALUES (54,'mesut','y','himespr@gmail.com','(555) 555-55-55',1,5,'Male','1994-03-23',89,'No','No','Yes','$2b$12$41OPQ1/2zlZMnjy2IMHOe.Y/GKH/lCtrTkwqi8jhoGlpz.H6r3eFa',1,'2024-11-28',NULL,NULL),(55,'zehra','zehra','zehra@gmail.com','(555) 555-55-55',1,5,'Female','2024-11-22',555,'No','No','Yes','$2b$12$rIG0IxnJRDt9F9x0b8W57ePfiCt3cdwf4Rn0yW7KZQjzOew67lW/S',1,'2024-11-28',NULL,NULL),(56,'Ömer','h','omersal@gmail.com','0',1,5,'Male','1987-01-01',77,'No','No','Yes','$2b$12$bRGzHNGSxw8wd5T4n6lhC.jahxKCYhI.xzRXLzkAOjFctydCN1bvy',1,'2024-11-28',NULL,NULL),(57,'Cevahir','ö','cevahir@oedu.tr','0',1,5,'Female','1997-02-27',62,'No','No','Yes','$2b$12$FPdMs1CGXd4IPiroSna31ufiFjoMG0UnewL1Q1mQDltZKUsvzyhKW',1,'2024-11-28',NULL,NULL),(58,'Öner','Öneri','kutsal@gmail.com','(666) 666-66-66',556,3,'Male','2017-01-01',88,'No','No','Yes','$2b$12$.SmVzxeAVmr4N8AHwuDNx.DeZFyX/0cUd2GVbSh.FzQ4Rb3Qw6yqi',1,'2024-11-28',NULL,NULL),(59,'şivan','s','sivan@gmail.com','0',1312,5,'Male','1997-10-29',65,'No','No','Yes','$2b$12$feZUGUoAj7KHn8WZjUlMkep1wJh7xAnCYfuzM2lx4wBZpPu1AcbNG',1,'2024-11-28',NULL,NULL),(60,'zehra','zehra','zehra@gmail.com','(555) 555-55-55',2,5,'Female','2024-11-19',555,'No','No','Yes','$2b$12$5.f3vOebIgwTqBVGQvla0unZhhzyg.LkW4EGwm9fqjkFTYb5g86hm',1,'2024-11-28',NULL,NULL),(61,'sa','sa','sa@gmail.com','(555) 555-55-55',1,5,'Female','2024-11-20',22222,'No','No','Yes','$2b$12$Z4436tVqyOMEu8xrLpC9wuIV./dLLg1FAX9wa0ZS6TpaEtFO/A/Qa',1,'2024-11-29',NULL,NULL),(62,'tst','tstsd','test1@mes.com.tr','(555) 555-55-55',1,5,'Male','2019-11-29',66,'No','No','Yes','$2b$12$7qGWiK3OreFR4r7b3JbVhurvRg.IGBISguOFFWNmPbfKyik.sEGG.',1,'2024-11-29',NULL,NULL);
/*!40000 ALTER TABLE `User` ENABLE KEYS */;
UNLOCK TABLES;

--
-- Table structure for table `blood_type`
--

DROP TABLE IF EXISTS `blood_type`;
/*!40101 SET @saved_cs_client     = @@character_set_client */;
/*!50503 SET character_set_client = utf8mb4 */;
CREATE TABLE `blood_type` (
  `id` int NOT NULL AUTO_INCREMENT,
  `name` varchar(255) DEFAULT NULL,
  PRIMARY KEY (`id`)
) ENGINE=InnoDB AUTO_INCREMENT=9 DEFAULT CHARSET=utf8mb4 COLLATE=utf8mb4_0900_ai_ci;
/*!40101 SET character_set_client = @saved_cs_client */;

--
-- Dumping data for table `blood_type`
--

LOCK TABLES `blood_type` WRITE;
/*!40000 ALTER TABLE `blood_type` DISABLE KEYS */;
INSERT INTO `blood_type` VALUES (1,'A Rh +'),(2,'A Rh -'),(3,'B Rh +'),(4,'B Rh -'),(5,'0 Rh +'),(6,'0 Rh -'),(7,'AB Rh +'),(8,'AB Rh -');
/*!40000 ALTER TABLE `blood_type` ENABLE KEYS */;
UNLOCK TABLES;

--
-- Table structure for table `Blood_don_applicant`
--

DROP TABLE IF EXISTS `Blood_don_applicant`;
/*!40101 SET @saved_cs_client     = @@character_set_client */;
/*!50503 SET character_set_client = utf8mb4 */;
CREATE TABLE `Blood_don_applicant` (
  `id` int NOT NULL AUTO_INCREMENT,
  `Blood_don_chosen` int DEFAULT NULL,
  `Users_id` int DEFAULT NULL,
  `approval_status` int DEFAULT NULL,
  `approval_status_2` int DEFAULT NULL,
  PRIMARY KEY (`id`),
  KEY `Blood_don_chosen` (`Blood_don_chosen`),
  KEY `Users_id` (`Users_id`),
  CONSTRAINT `Blood_don_applicant_ibfk_1` FOREIGN KEY (`Blood_don_chosen`) REFERENCES `Blood_don_chosen` (`id`),
  CONSTRAINT `Blood_don_applicant_ibfk_2` FOREIGN KEY (`Users_id`) REFERENCES `User` (`id`)
) ENGINE=InnoDB DEFAULT CHARSET=utf8mb4 COLLATE=utf8mb4_0900_ai_ci;
/*!40101 SET character_set_client = @saved_cs_client */;

--
-- Dumping data for table `Blood_don_applicant`
--

LOCK TABLES `Blood_don_applicant` WRITE;
/*!40000 ALTER TABLE `Blood_don_applicant` DISABLE KEYS */;
/*!40000 ALTER TABLE `Blood_don_applicant` ENABLE KEYS */;
UNLOCK TABLES;

--
-- Table structure for table `city`
--

DROP TABLE IF EXISTS `city`;
/*!40101 SET @saved_cs_client     = @@character_set_client */;
/*!50503 SET character_set_client = utf8mb4 */;
CREATE TABLE `city` (
  `id` int NOT NULL AUTO_INCREMENT,
  `name` varchar(255) DEFAULT NULL,
  PRIMARY KEY (`id`)
) ENGINE=InnoDB AUTO_INCREMENT=32429 DEFAULT CHARSET=utf8mb4 COLLATE=utf8mb4_0900_ai_ci;
/*!40101 SET character_set_client = @saved_cs_client */;

--
-- Dumping data for table `city`
--

LOCK TABLES `city` WRITE;
/*!40000 ALTER TABLE `city` DISABLE KEYS */;
INSERT INTO `city` VALUES (1,'ADANA'),(2,'ADIYAMAN'),(3,'AFYONKARAHİSAR'),(4,'AĞRI'),(5,'AKSARAY'),(6,'AMASYA'),(7,'ANKARA'),(8,'ANTALYA'),(9,'ARDAHAN'),(10,'ARTVİN'),(11,'AYDIN'),(12,'BALIKESİR'),(13,'BARTIN'),(14,'BATMAN'),(15,'BAYBURT'),(16,'BİLECİK'),(17,'BİNGÖL'),(18,'BİTLİS'),(19,'BOLU'),(20,'BURDUR'),(21,'BURSA'),(22,'ÇANAKKALE'),(23,'ÇANKIRI'),(24,'ÇORUM'),(25,'DENİZLİ'),(26,'DİYARBAKIR'),(27,'DÜZCE'),(28,'EDİRNE'),(29,'ELAZIĞ'),(30,'ERZİNCAN'),(31,'ERZURUM'),(32,'ESKİŞEHİR'),(33,'GAZİANTEP'),(34,'GİRESUN'),(35,'GÜMÜŞHANE'),(36,'HAKKARİ'),(37,'HATAY'),(38,'IĞDIR'),(39,'ISPARTA'),(40,'İSTANBUL'),(41,'İZMİR'),(42,'KAHRAMANMARAŞ'),(43,'KARABÜK'),(44,'KARAMAN'),(45,'KARS'),(46,'KASTAMONU'),(47,'KAYSERİ'),(48,'KIRIKKALE'),(49,'KIRKLARELİ'),(50,'KIRŞEHİR'),(51,'KİLİS'),(52,'KOCAELİ'),(53,'KONYA'),(54,'KÜTAHYA'),(55,'MALATYA'),(56,'MANİSA'),(57,'MARDİN'),(58,'MERSİN'),(59,'MUĞLA'),(60,'MUŞ'),(61,'NEVŞEHİR'),(62,'NİĞDE'),(63,'ORDU'),(64,'OSMANİYE'),(65,'RİZE'),(66,'SAKARYA'),(67,'SAMSUN'),(68,'SİİRT'),(69,'SİNOP'),(70,'SİVAS'),(71,'ŞANLIURFA'),(72,'ŞIRNAK'),(73,'TEKİRDAĞ'),(74,'TOKAT'),(75,'TRABZON'),(76,'TUNCELİ'),(77,'UŞAK'),(78,'VAN'),(79,'YALOVA'),(80,'YOZGAT'),(81,'ZONGULDAK');
/*!40000 ALTER TABLE `city` ENABLE KEYS */;
UNLOCK TABLES;

--
-- Table structure for table `Audit_logs`
--

DROP TABLE IF EXISTS `Audit_logs`;
/*!40101 SET @saved_cs_client     = @@character_set_client */;
/*!50503 SET character_set_client = utf8mb4 */;
CREATE TABLE `Audit_logs` (
  `id` int NOT NULL AUTO_INCREMENT,
  `user_id` int DEFAULT NULL,
  `admins_id` int DEFAULT NULL,
  `login_status` enum('Success','Failure') DEFAULT NULL,
  `created_date` datetime DEFAULT NULL,
  PRIMARY KEY (`id`),
  KEY `user_id` (`user_id`),
  KEY `admins_id` (`admins_id`),
  CONSTRAINT `Audit_logs_ibfk_1` FOREIGN KEY (`user_id`) REFERENCES `User` (`id`),
  CONSTRAINT `Audit_logs_ibfk_2` FOREIGN KEY (`admins_id`) REFERENCES `Admin` (`id`)
) ENGINE=InnoDB DEFAULT CHARSET=utf8mb4 COLLATE=utf8mb4_0900_ai_ci;
/*!40101 SET character_set_client = @saved_cs_client */;

--
-- Dumping data for table `Audit_logs`
--

LOCK TABLES `Audit_logs` WRITE;
/*!40000 ALTER TABLE `Audit_logs` DISABLE KEYS */;
/*!40000 ALTER TABLE `Audit_logs` ENABLE KEYS */;
UNLOCK TABLES;

--
-- Table structure for table `Blood_Donation_Publication`
--

DROP TABLE IF EXISTS `Blood_Donation_Publication`;
/*!40101 SET @saved_cs_client     = @@character_set_client */;
/*!50503 SET character_set_client = utf8mb4 */;
CREATE TABLE `Blood_Donation_Publication` (
  `id` int NOT NULL AUTO_INCREMENT,
  `user_id` int DEFAULT NULL,
  `location` int DEFAULT NULL,
  `hospital_name` varchar(255) DEFAULT NULL,
  `blood_type_id` int DEFAULT NULL,
  `urgency_status` int DEFAULT NULL,
  `start_date` datetime DEFAULT NULL,
  `end_date` datetime DEFAULT NULL,
  `donation_type` int DEFAULT NULL,
  `description` varchar(255) DEFAULT NULL,
  `status` int DEFAULT NULL,
  `created_date` datetime DEFAULT NULL,
  `updated_date` datetime DEFAULT NULL,
  `updated_users` int DEFAULT NULL,
  `updated_admins` int DEFAULT NULL,
  `aplication_user_id` int DEFAULT NULL,
  `email_service` int DEFAULT NULL,
  `location2` varchar(100) DEFAULT NULL,
  `opener` varchar(255) DEFAULT NULL,
  `applied` varchar(255) DEFAULT NULL,
  PRIMARY KEY (`id`),
  KEY `user_id` (`user_id`),
  KEY `location` (`location`),
  KEY `blood_type` (`blood_type_id`),
  KEY `donation_type` (`donation_type`),
  KEY `updated_users` (`updated_users`),
  KEY `updated_admins` (`updated_admins`),
  CONSTRAINT `Blood_Donation_Publication_ibfk_1` FOREIGN KEY (`user_id`) REFERENCES `User` (`id`),
  CONSTRAINT `Blood_Donation_Publication_ibfk_2` FOREIGN KEY (`location`) REFERENCES `neighborhood` (`id`),
  CONSTRAINT `Blood_Donation_Publication_ibfk_3` FOREIGN KEY (`blood_type_id`) REFERENCES `blood_type` (`id`),
  CONSTRAINT `Blood_Donation_Publication_ibfk_4` FOREIGN KEY (`donation_type`) REFERENCES `donation_type` (`id`),
  CONSTRAINT `Blood_Donation_Publication_ibfk_5` FOREIGN KEY (`updated_users`) REFERENCES `User` (`id`),
  CONSTRAINT `Blood_Donation_Publication_ibfk_6` FOREIGN KEY (`updated_admins`) REFERENCES `Admin` (`id`)
) ENGINE=InnoDB AUTO_INCREMENT=100 DEFAULT CHARSET=utf8mb4 COLLATE=utf8mb4_0900_ai_ci;
/*!40101 SET character_set_client = @saved_cs_client */;

--
-- Dumping data for table `Blood_Donation_Publication`
--

LOCK TABLES `Blood_Donation_Publication` WRITE;
/*!40000 ALTER TABLE `Blood_Donation_Publication` DISABLE KEYS */;
INSERT INTO `Blood_Donation_Publication` VALUES (66,54,10,'Özel Hastane',5,1,'2024-11-28 11:31:10','2024-11-28 11:31:10',3,'test',1,'2024-11-28 11:31:10',NULL,NULL,NULL,NULL,5,NULL,'0',NULL),(68,56,272,'Kansiz Kalma Merkezi',6,2,'2024-11-28 11:50:16','2024-11-28 11:50:16',1,'ivedi',0,'2024-11-28 11:50:16',NULL,NULL,NULL,0,5,NULL,'0','---'),(69,56,1253,'Surkan',7,1,'2024-11-28 12:42:03','2024-11-28 12:42:03',4,'A veya B\'de olur.',0,'2024-11-28 12:42:03',NULL,NULL,NULL,0,5,NULL,'0','---'),(78,56,124,'define ',4,2,'2024-11-28 15:02:06','2024-11-28 15:02:06',1,'test',1,'2024-11-28 15:02:06',NULL,NULL,NULL,58,5,NULL,'0','0'),(79,58,275,'yokusan',5,2,'2024-11-28 15:05:45','2024-11-28 15:05:45',1,'test',0,'2024-11-28 15:05:45',NULL,NULL,NULL,0,5,NULL,'0','---'),(80,58,398,'test',1,1,'2024-11-28 15:16:08','2024-11-28 15:16:08',1,'test',0,'2024-11-28 15:16:08',NULL,NULL,NULL,0,5,NULL,'0','---'),(81,58,1525,'altin kum',7,1,'2024-11-28 15:17:43','2024-11-28 15:17:43',1,'test',1,'2024-11-28 15:17:43',NULL,NULL,NULL,56,5,NULL,'0','0'),(82,57,2363,'ADATIP',1,1,'2024-11-28 16:38:28','2024-11-28 16:38:28',4,'',1,'2024-11-28 16:38:28',NULL,NULL,NULL,56,5,NULL,'0','0'),(87,55,2,'v',5,1,'2024-11-29 08:11:54','2024-11-29 08:11:54',1,'',1,'2024-11-29 08:11:54',NULL,NULL,NULL,57,5,NULL,'0','0'),(88,55,2,'b',5,1,'2024-11-29 08:16:41','2024-11-29 08:16:41',1,'b',0,'2024-11-29 08:16:41',NULL,NULL,NULL,0,5,NULL,'0','---'),(89,56,314,'gülkan',4,1,'2024-11-29 09:42:10','2024-11-29 09:42:10',2,'tesekkürler',0,'2024-11-29 09:42:10',NULL,NULL,NULL,0,5,NULL,'0','---'),(90,55,2,'s',5,1,'2024-11-29 16:22:15','2024-11-29 16:22:15',2,'s',0,'2024-11-29 16:22:15',NULL,NULL,NULL,0,5,NULL,'zehra zehra - (555) 555-55-55','---'),(91,57,2,'xxx',5,1,'2024-11-29 16:29:37','2024-11-29 16:29:37',1,'',0,'2024-11-29 16:29:37',NULL,NULL,NULL,0,5,NULL,'0','---'),(92,55,1,'d',5,1,'2024-11-29 16:41:20','2024-11-29 16:41:20',1,'',0,'2024-11-29 16:41:20',NULL,NULL,NULL,0,5,NULL,'0','---'),(93,54,1,'Hastane',5,1,'2024-11-29 16:49:54','2024-11-29 16:49:54',1,'tam kan gereklidir yoğun bakım',0,'2024-11-29 16:49:54',NULL,NULL,NULL,0,5,NULL,'0','---'),(94,55,1,'d',5,1,'2024-11-29 16:51:51','2024-11-29 16:51:51',1,'',0,'2024-11-29 16:51:51',NULL,NULL,NULL,0,5,NULL,'zehra zehra - (555) 555-55-55','---'),(95,55,1,'s',5,1,'2024-11-29 16:52:23','2024-11-29 16:52:23',1,'',0,'2024-11-29 16:52:23',NULL,NULL,NULL,0,5,NULL,'0','---'),(96,62,1,'devlet hastanesi',5,1,'2024-11-29 17:59:26','2024-11-29 17:59:26',1,'yoğun bakımdaki hastam için gereklidir',0,'2024-11-29 17:59:26',NULL,NULL,NULL,0,5,NULL,'0','---'),(97,55,1,'a',5,1,'2024-11-29 18:00:48','2024-11-29 18:00:48',1,'a',0,'2024-11-29 18:00:48',NULL,NULL,NULL,0,5,NULL,'0','---'),(98,57,1,'x hastane',1,1,'2024-11-29 18:00:52','2024-11-29 18:00:52',2,'',0,'2024-11-29 18:00:52',NULL,NULL,NULL,0,5,NULL,'0','---'),(99,54,1,'deneme',5,1,'2024-11-29 18:00:56','2024-11-29 18:00:56',1,'test',0,'2024-11-29 18:00:56',NULL,NULL,NULL,0,5,NULL,'mesut y - (555) 555-55-55','---');
/*!40000 ALTER TABLE `Blood_Donation_Publication` ENABLE KEYS */;
UNLOCK TABLES;

--
-- Table structure for table `Blood_don_chosen`
--

DROP TABLE IF EXISTS `Blood_don_chosen`;
/*!40101 SET @saved_cs_client     = @@character_set_client */;
/*!50503 SET character_set_client = utf8mb4 */;
CREATE TABLE `Blood_don_chosen` (
  `id` int NOT NULL AUTO_INCREMENT,
  `Blood_Donation_Publication_id` int DEFAULT NULL,
  `Users_id` int DEFAULT NULL,
  PRIMARY KEY (`id`),
  KEY `Blood_Donation_Publication_id` (`Blood_Donation_Publication_id`),
  KEY `Users_id` (`Users_id`),
  CONSTRAINT `Blood_don_chosen_ibfk_1` FOREIGN KEY (`Blood_Donation_Publication_id`) REFERENCES `Blood_Donation_Publication` (`id`),
  CONSTRAINT `Blood_don_chosen_ibfk_2` FOREIGN KEY (`Users_id`) REFERENCES `User` (`id`)
) ENGINE=InnoDB DEFAULT CHARSET=utf8mb4 COLLATE=utf8mb4_0900_ai_ci;
/*!40101 SET character_set_client = @saved_cs_client */;

--
-- Dumping data for table `Blood_don_chosen`
--

LOCK TABLES `Blood_don_chosen` WRITE;
/*!40000 ALTER TABLE `Blood_don_chosen` DISABLE KEYS */;
/*!40000 ALTER TABLE `Blood_don_chosen` ENABLE KEYS */;
UNLOCK TABLES;

--
-- Table structure for table `Admin`
--

DROP TABLE IF EXISTS `Admin`;
/*!40101 SET @saved_cs_client     = @@character_set_client */;
/*!50503 SET character_set_client = utf8mb4 */;
CREATE TABLE `Admin` (
  `id` int NOT NULL AUTO_INCREMENT,
  `name` varchar(255) DEFAULT NULL,
  `surname` varchar(255) DEFAULT NULL,
  `email` varchar(255) DEFAULT NULL,
  `phone` varchar(255) DEFAULT NULL,
  `hashed_password` varchar(255) CHARACTER SET utf8mb4 COLLATE utf8mb4_0900_ai_ci DEFAULT NULL,
  `status` int DEFAULT NULL,
  `created_date` datetime DEFAULT NULL,
  `updated_date` datetime DEFAULT NULL,
  `updated_by` int DEFAULT NULL,
  PRIMARY KEY (`id`)
) ENGINE=InnoDB DEFAULT CHARSET=utf8mb4 COLLATE=utf8mb4_0900_ai_ci;
/*!40101 SET character_set_client = @saved_cs_client */;

--
-- Dumping data for table `Admin`
--

LOCK TABLES `Admin` WRITE;
/*!40000 ALTER TABLE `Admin` DISABLE KEYS */;
/*!40000 ALTER TABLE `Admin` ENABLE KEYS */;
UNLOCK TABLES;

--
-- Table structure for table `admin`
--

DROP TABLE IF EXISTS `admin`;
/*!40101 SET @saved_cs_client     = @@character_set_client */;
/*!50503 SET character_set_client = utf8mb4 */;
CREATE TABLE `admin` (
  `id` int NOT NULL AUTO_INCREMENT,
  `name` varchar(255) DEFAULT NULL,
  `surname` varchar(255) DEFAULT NULL,
  `email` varchar(255) DEFAULT NULL,
  `phone` varchar(255) DEFAULT NULL,
  `hashed_password` varchar(255) NOT NULL,
  `status` int DEFAULT NULL,
  `created_date` datetime DEFAULT NULL,
  `updated_date` datetime DEFAULT NULL,
  `updated_by` int DEFAULT NULL,
  PRIMARY KEY (`id`),
  UNIQUE KEY `email` (`email`),
  KEY `updated_by` (`updated_by`),
  KEY `ix_admin_id` (`id`),
  CONSTRAINT `admin_ibfk_1` FOREIGN KEY (`updated_by`) REFERENCES `admin` (`id`)
) ENGINE=InnoDB DEFAULT CHARSET=utf8mb4 COLLATE=utf8mb4_0900_ai_ci;
/*!40101 SET character_set_client = @saved_cs_client */;

--
-- Dumping data for table `admin`
--

LOCK TABLES `admin` WRITE;
/*!40000 ALTER TABLE `admin` DISABLE KEYS */;
/*!40000 ALTER TABLE `admin` ENABLE KEYS */;
UNLOCK TABLES;

--
-- Table structure for table `district`
--

DROP TABLE IF EXISTS `district`;
/*!40101 SET @saved_cs_client     = @@character_set_client */;
/*!50503 SET character_set_client = utf8mb4 */;
CREATE TABLE `district` (
  `id` int NOT NULL AUTO_INCREMENT,
  `city_id` int DEFAULT NULL,
  `name` varchar(255) DEFAULT NULL,
  PRIMARY KEY (`id`),
  KEY `city_id` (`city_id`),
  CONSTRAINT `district_ibfk_1` FOREIGN KEY (`city_id`) REFERENCES `city` (`id`)
) ENGINE=InnoDB AUTO_INCREMENT=1297 DEFAULT CHARSET=utf8mb4 COLLATE=utf8mb4_0900_ai_ci;
/*!40101 SET character_set_client = @saved_cs_client */;

--
-- Dumping data for table `district`
--

LOCK TABLES `district` WRITE;
/*!40000 ALTER TABLE `district` DISABLE KEYS */;
INSERT INTO `district` VALUES (1,1,'Aladağ'),(2,1,'Ceyhan'),(3,1,'Çukurova'),(4,1,'Feke'),(5,1,'İmamoğlu'),(6,1,'Karaisalı'),(7,1,'Karataş'),(8,1,'Kozan'),(9,1,'Pozantı'),(10,1,'Saimbeyli'),(11,1,'Sarıçam'),(12,1,'Seyhan'),(13,1,'Tufanbeyli'),(14,1,'Yumurtalık'),(15,1,'Yüreğir'),(16,2,'Besni'),(17,2,'Çelikhan'),(18,2,'Gerger'),(19,2,'Gölbaşı'),(20,2,'Kahta'),(21,2,'Merkez'),(22,2,'Samsat'),(23,2,'Sincik'),(24,2,'Tut'),(25,3,'Başmakçı'),(26,3,'Bayat'),(27,3,'Bolvadin'),(28,3,'Çay'),(29,3,'Çobanlar'),(30,3,'Dazkırı'),(31,3,'Dinar'),(32,3,'Emirdağ'),(33,3,'Evciler'),(34,3,'Hocalar'),(35,3,'İhsaniye'),(36,3,'İscehisar'),(37,3,'Kızılören'),(38,3,'Merkez'),(39,3,'Sandıklı'),(40,3,'Sinanpaşa'),(41,3,'Sultandağı'),(42,3,'Şuhut'),(43,4,'Diyadin'),(44,4,'Doğubayazıt'),(45,4,'Eleşkirt'),(46,4,'Hamur'),(47,4,'Merkez'),(48,4,'Patnos'),(49,4,'Taşlıçay'),(50,4,'Tutak'),(51,5,'Ağaçören'),(52,5,'Eskil'),(53,5,'Gülağaç'),(54,5,'Güzelyurt'),(55,5,'Merkez'),(56,5,'Ortaköy'),(57,5,'Sarıyahşi'),(58,5,'Sultanhanı'),(59,6,'Göynücek'),(60,6,'Gümüşhacıköy'),(61,6,'Hamamözü'),(62,6,'Merkez'),(63,6,'Merzifon'),(64,6,'Suluova'),(65,6,'Taşova'),(66,7,'Akyurt'),(67,7,'Altındağ'),(68,7,'Ayaş'),(69,7,'Bala'),(70,7,'Beypazarı'),(71,7,'Çamlıdere'),(72,7,'Çankaya'),(73,7,'Çubuk'),(74,7,'Elmadağ'),(75,7,'Etimesgut'),(76,7,'Evren'),(77,7,'Gölbaşı'),(78,7,'Güdül'),(79,7,'Haymana'),(80,7,'Kahramankazan'),(81,7,'Kalecik'),(82,7,'Keçiören'),(83,7,'Kızılcahamam'),(84,7,'Mamak'),(85,7,'Nallıhan'),(86,7,'Polatlı'),(87,7,'Pursaklar'),(88,7,'Sincan'),(89,7,'Şereflikoçhisar'),(90,7,'Yenimahalle'),(91,8,'Akseki'),(92,8,'Aksu'),(93,8,'Alanya'),(94,8,'Demre'),(95,8,'Döşemealtı'),(96,8,'Elmalı'),(97,8,'Finike'),(98,8,'Gazipaşa'),(99,8,'Gündoğmuş'),(100,8,'İbradı'),(101,8,'Kaş'),(102,8,'Kemer'),(103,8,'Kepez'),(104,8,'Konyaaltı'),(105,8,'Korkuteli'),(106,8,'Kumluca'),(107,8,'Manavgat'),(108,8,'Muratpaşa'),(109,8,'Serik'),(110,9,'Çıldır'),(111,9,'Damal'),(112,9,'Göle'),(113,9,'Hanak'),(114,9,'Merkez'),(115,9,'Posof'),(116,10,'Ardanuç'),(117,10,'Arhavi'),(118,10,'Borçka'),(119,10,'Hopa'),(120,10,'Kemalpaşa'),(121,10,'Merkez'),(122,10,'Murgul'),(123,10,'Şavşat'),(124,10,'Yusufeli'),(125,11,'Bozdoğan'),(126,11,'Buharkent'),(127,11,'Çine'),(128,11,'Didim'),(129,11,'Efeler'),(130,11,'Germencik'),(131,11,'İncirliova'),(132,11,'Karacasu'),(133,11,'Karpuzlu'),(134,11,'Koçarlı'),(135,11,'Köşk'),(136,11,'Kuşadası'),(137,11,'Kuyucak'),(138,11,'Nazilli'),(139,11,'Söke'),(140,11,'Sultanhisar'),(141,11,'Yenipazar'),(142,12,'Altıeylül'),(143,12,'Ayvalık'),(144,12,'Balya'),(145,12,'Bandırma'),(146,12,'Bigadiç'),(147,12,'Burhaniye'),(148,12,'Dursunbey'),(149,12,'Edremit'),(150,12,'Erdek'),(151,12,'Gömeç'),(152,12,'Gönen'),(153,12,'Havran'),(154,12,'İvrindi'),(155,12,'Karesi'),(156,12,'Kepsut'),(157,12,'Manyas'),(158,12,'Marmara'),(159,12,'Savaştepe'),(160,12,'Sındırgı'),(161,12,'Susurluk'),(162,13,'Amasra'),(163,13,'Kurucaşile'),(164,13,'Merkez'),(165,13,'Ulus'),(166,14,'Beşiri'),(167,14,'Gercüş'),(168,14,'Hasankeyf'),(169,14,'Kozluk'),(170,14,'Merkez'),(171,14,'Sason'),(172,15,'Aydıntepe'),(173,15,'Demirözü'),(174,15,'Merkez'),(175,16,'Bozüyük'),(176,16,'Gölpazarı'),(177,16,'İnhisar'),(178,16,'Merkez'),(179,16,'Osmaneli'),(180,16,'Pazaryeri'),(181,16,'Söğüt'),(182,16,'Yenipazar'),(183,17,'Adaklı'),(184,17,'Genç'),(185,17,'Karlıova'),(186,17,'Kiğı'),(187,17,'Merkez'),(188,17,'Solhan'),(189,17,'Yayladere'),(190,17,'Yedisu'),(191,18,'Adilcevaz'),(192,18,'Ahlat'),(193,18,'Güroymak'),(194,18,'Hizan'),(195,18,'Merkez'),(196,18,'Mutki'),(197,18,'Tatvan'),(198,19,'Dörtdivan'),(199,19,'Gerede'),(200,19,'Göynük'),(201,19,'Kıbrıscık'),(202,19,'Mengen'),(203,19,'Merkez'),(204,19,'Mudurnu'),(205,19,'Seben'),(206,19,'Yeniçağa'),(207,20,'Ağlasun'),(208,20,'Altınyayla'),(209,20,'Bucak'),(210,20,'Çavdır'),(211,20,'Çeltikçi'),(212,20,'Gölhisar'),(213,20,'Karamanlı'),(214,20,'Kemer'),(215,20,'Merkez'),(216,20,'Tefenni'),(217,20,'Yeşilova'),(218,21,'Büyükorhan'),(219,21,'Gemlik'),(220,21,'Gürsu'),(221,21,'Harmancık'),(222,21,'İnegöl'),(223,21,'İznik'),(224,21,'Karacabey'),(225,21,'Keles'),(226,21,'Kestel'),(227,21,'Mudanya'),(228,21,'Mustafakemalpaşa'),(229,21,'Nilüfer'),(230,21,'Orhaneli'),(231,21,'Orhangazi'),(232,21,'Osmangazi'),(233,21,'Yenişehir'),(234,21,'Yıldırım'),(235,22,'Ayvacık'),(236,22,'Bayramiç'),(237,22,'Biga'),(238,22,'Bozcaada'),(239,22,'Çan'),(240,22,'Eceabat'),(241,22,'Ezine'),(242,22,'Gelibolu'),(243,22,'Gökçeada'),(244,22,'Lapseki'),(245,22,'Merkez'),(246,22,'Yenice'),(247,23,'Atkaracalar'),(248,23,'Bayramören'),(249,23,'Çerkeş'),(250,23,'Eldivan'),(251,23,'Ilgaz'),(252,23,'Kızılırmak'),(253,23,'Korgun'),(254,23,'Kurşunlu'),(255,23,'Merkez'),(256,23,'Orta'),(257,23,'Şabanözü'),(258,23,'Yapraklı'),(259,24,'Alaca'),(260,24,'Bayat'),(261,24,'Boğazkale'),(262,24,'Dodurga'),(263,24,'İskilip'),(264,24,'Kargı'),(265,24,'Laçin'),(266,24,'Mecitözü'),(267,24,'Merkez'),(268,24,'Oğuzlar'),(269,24,'Ortaköy'),(270,24,'Osmancık'),(271,24,'Sungurlu'),(272,24,'Uğurludağ'),(273,25,'Acıpayam'),(274,25,'Babadağ'),(275,25,'Baklan'),(276,25,'Bekilli'),(277,25,'Beyağaç'),(278,25,'Bozkurt'),(279,25,'Buldan'),(280,25,'Çal'),(281,25,'Çameli'),(282,25,'Çardak'),(283,25,'Çivril'),(284,25,'Güney'),(285,25,'Honaz'),(286,25,'Kale'),(287,25,'Merkezefendi'),(288,25,'Pamukkale'),(289,25,'Sarayköy'),(290,25,'Serinhisar'),(291,25,'Tavas'),(292,26,'Bağlar'),(293,26,'Bismil'),(294,26,'Çermik'),(295,26,'Çınar'),(296,26,'Çüngüş'),(297,26,'Dicle'),(298,26,'Eğil'),(299,26,'Ergani'),(300,26,'Hani'),(301,26,'Hazro'),(302,26,'Kayapınar'),(303,26,'Kocaköy'),(304,26,'Kulp'),(305,26,'Lice'),(306,26,'Silvan'),(307,26,'Sur'),(308,26,'Yenişehir'),(309,27,'Akçakoca'),(310,27,'Cumayeri'),(311,27,'Çilimli'),(312,27,'Gölyaka'),(313,27,'Gümüşova'),(314,27,'Kaynaşlı'),(315,27,'Merkez'),(316,27,'Yığılca'),(317,28,'Enez'),(318,28,'Havsa'),(319,28,'İpsala'),(320,28,'Keşan'),(321,28,'Lalapaşa'),(322,28,'Meriç'),(323,28,'Merkez'),(324,28,'Süloğlu'),(325,28,'Uzunköprü'),(326,29,'Ağın'),(327,29,'Alacakaya'),(328,29,'Arıcak'),(329,29,'Baskil'),(330,29,'Karakoçan'),(331,29,'Keban'),(332,29,'Kovancılar'),(333,29,'Maden'),(334,29,'Merkez'),(335,29,'Palu'),(336,29,'Sivrice'),(337,30,'Çayırlı'),(338,30,'İliç'),(339,30,'Kemah'),(340,30,'Kemaliye'),(341,30,'Merkez'),(342,30,'Otlukbeli'),(343,30,'Refahiye'),(344,30,'Tercan'),(345,30,'Üzümlü'),(346,31,'Aşkale'),(347,31,'Aziziye'),(348,31,'Çat'),(349,31,'Hınıs'),(350,31,'Horasan'),(351,31,'İspir'),(352,31,'Karaçoban'),(353,31,'Karayazı'),(354,31,'Köprüköy'),(355,31,'Narman'),(356,31,'Oltu'),(357,31,'Olur'),(358,31,'Palandöken'),(359,31,'Pasinler'),(360,31,'Pazaryolu'),(361,31,'Şenkaya'),(362,31,'Tekman'),(363,31,'Tortum'),(364,31,'Uzundere'),(365,31,'Yakutiye'),(366,32,'Alpu'),(367,32,'Beylikova'),(368,32,'Çifteler'),(369,32,'Günyüzü'),(370,32,'Han'),(371,32,'İnönü'),(372,32,'Mahmudiye'),(373,32,'Mihalgazi'),(374,32,'Mihalıççık'),(375,32,'Odunpazarı'),(376,32,'Sarıcakaya'),(377,32,'Seyitgazi'),(378,32,'Sivrihisar'),(379,32,'Tepebaşı'),(380,33,'Araban'),(381,33,'İslahiye'),(382,33,'Karkamış'),(383,33,'Nizip'),(384,33,'Nurdağı'),(385,33,'Oğuzeli'),(386,33,'Şahinbey'),(387,33,'Şehitkamil'),(388,33,'Yavuzeli'),(389,34,'Alucra'),(390,34,'Bulancak'),(391,34,'Çamoluk'),(392,34,'Çanakçı'),(393,34,'Dereli'),(394,34,'Doğankent'),(395,34,'Espiye'),(396,34,'Eynesil'),(397,34,'Görele'),(398,34,'Güce'),(399,34,'Keşap'),(400,34,'Merkez'),(401,34,'Piraziz'),(402,34,'Şebinkarahisar'),(403,34,'Tirebolu'),(404,34,'Yağlıdere'),(405,35,'Kelkit'),(406,35,'Köse'),(407,35,'Kürtün'),(408,35,'Merkez'),(409,35,'Şiran'),(410,35,'Torul'),(411,36,'Çukurca'),(412,36,'Derecik'),(413,36,'Merkez'),(414,36,'Şemdinli'),(415,36,'Yüksekova'),(416,37,'Altınözü'),(417,37,'Antakya'),(418,37,'Arsuz'),(419,37,'Belen'),(420,37,'Defne'),(421,37,'Dörtyol'),(422,37,'Erzin'),(423,37,'Hassa'),(424,37,'İskenderun'),(425,37,'Kırıkhan'),(426,37,'Kumlu'),(427,37,'Payas'),(428,37,'Reyhanlı'),(429,37,'Samandağ'),(430,37,'Yayladağı'),(431,38,'Aralık'),(432,38,'Karakoyunlu'),(433,38,'Merkez'),(434,38,'Tuzluca'),(435,39,'Aksu'),(436,39,'Atabey'),(437,39,'Eğirdir'),(438,39,'Gelendost'),(439,39,'Gönen'),(440,39,'Keçiborlu'),(441,39,'Merkez'),(442,39,'Senirkent'),(443,39,'Sütçüler'),(444,39,'Şarkikaraağaç'),(445,39,'Uluborlu'),(446,39,'Yalvaç'),(447,39,'Yenişarbademli'),(448,40,'Adalar'),(449,40,'Arnavutköy'),(450,40,'Ataşehir'),(451,40,'Avcılar'),(452,40,'Bağcılar'),(453,40,'Bahçelievler'),(454,40,'Bakırköy'),(455,40,'Başakşehir'),(456,40,'Bayrampaşa'),(457,40,'Beşiktaş'),(458,40,'Beykoz'),(459,40,'Beylikdüzü'),(460,40,'Beyoğlu'),(461,40,'Büyükçekmece'),(462,40,'Çatalca'),(463,40,'Çekmeköy'),(464,40,'Esenler'),(465,40,'Esenyurt'),(466,40,'Eyüpsultan'),(467,40,'Fatih'),(468,40,'Gaziosmanpaşa'),(469,40,'Güngören'),(470,40,'Kadıköy'),(471,40,'Kağıthane'),(472,40,'Kartal'),(473,40,'Küçükçekmece'),(474,40,'Maltepe'),(475,40,'Pendik'),(476,40,'Sancaktepe'),(477,40,'Sarıyer'),(478,40,'Silivri'),(479,40,'Sultanbeyli'),(480,40,'Sultangazi'),(481,40,'Şile'),(482,40,'Şişli'),(483,40,'Tuzla'),(484,40,'Ümraniye'),(485,40,'Üsküdar'),(486,40,'Zeytinburnu'),(487,41,'Aliağa'),(488,41,'Balçova'),(489,41,'Bayındır'),(490,41,'Bayraklı'),(491,41,'Bergama'),(492,41,'Beydağ'),(493,41,'Bornova'),(494,41,'Buca'),(495,41,'Çeşme'),(496,41,'Çiğli'),(497,41,'Dikili'),(498,41,'Foça'),(499,41,'Gaziemir'),(500,41,'Güzelbahçe'),(501,41,'Karabağlar'),(502,41,'Karaburun'),(503,41,'Karşıyaka'),(504,41,'Kemalpaşa'),(505,41,'Kınık'),(506,41,'Kiraz'),(507,41,'Konak'),(508,41,'Menderes'),(509,41,'Menemen'),(510,41,'Narlıdere'),(511,41,'Ödemiş'),(512,41,'Seferihisar'),(513,41,'Selçuk'),(514,41,'Tire'),(515,41,'Torbalı'),(516,41,'Urla'),(517,42,'Afşin'),(518,42,'Andırın'),(519,42,'Çağlayancerit'),(520,42,'Dulkadiroğlu'),(521,42,'Ekinözü'),(522,42,'Elbistan'),(523,42,'Göksun'),(524,42,'Nurhak'),(525,42,'Onikişubat'),(526,42,'Pazarcık'),(527,42,'Türkoğlu'),(528,43,'Eflani'),(529,43,'Eskipazar'),(530,43,'Merkez'),(531,43,'Ovacık'),(532,43,'Safranbolu'),(533,43,'Yenice'),(534,44,'Ayrancı'),(535,44,'Başyayla'),(536,44,'Ermenek'),(537,44,'Kazımkarabekir'),(538,44,'Merkez'),(539,44,'Sarıveliler'),(540,45,'Akyaka'),(541,45,'Arpaçay'),(542,45,'Digor'),(543,45,'Kağızman'),(544,45,'Merkez'),(545,45,'Sarıkamış'),(546,45,'Selim'),(547,45,'Susuz'),(548,46,'Abana'),(549,46,'Ağlı'),(550,46,'Araç'),(551,46,'Azdavay'),(552,46,'Bozkurt'),(553,46,'Cide'),(554,46,'Çatalzeytin'),(555,46,'Daday'),(556,46,'Devrekani'),(557,46,'Doğanyurt'),(558,46,'Hanönü'),(559,46,'İhsangazi'),(560,46,'İnebolu'),(561,46,'Küre'),(562,46,'Merkez'),(563,46,'Pınarbaşı'),(564,46,'Seydiler'),(565,46,'Şenpazar'),(566,46,'Taşköprü'),(567,46,'Tosya'),(568,47,'Akkışla'),(569,47,'Bünyan'),(570,47,'Develi'),(571,47,'Felahiye'),(572,47,'Hacılar'),(573,47,'İncesu'),(574,47,'Kocasinan'),(575,47,'Melikgazi'),(576,47,'Özvatan'),(577,47,'Pınarbaşı'),(578,47,'Sarıoğlan'),(579,47,'Sarız'),(580,47,'Talas'),(581,47,'Tomarza'),(582,47,'Yahyalı'),(583,47,'Yeşilhisar'),(584,48,'Bahşılı'),(585,48,'Balışeyh'),(586,48,'Çelebi'),(587,48,'Delice'),(588,48,'Karakeçili'),(589,48,'Keskin'),(590,48,'Merkez'),(591,48,'Sulakyurt'),(592,48,'Yahşihan'),(593,49,'Babaeski'),(594,49,'Demirköy'),(595,49,'Kofçaz'),(596,49,'Lüleburgaz'),(597,49,'Merkez'),(598,49,'Pehlivanköy'),(599,49,'Pınarhisar'),(600,49,'Vize'),(601,50,'Akçakent'),(602,50,'Akpınar'),(603,50,'Boztepe'),(604,50,'Çiçekdağı'),(605,50,'Kaman'),(606,50,'Merkez'),(607,50,'Mucur'),(608,51,'Elbeyli'),(609,51,'Merkez'),(610,51,'Musabeyli'),(611,51,'Polateli'),(612,52,'Başiskele'),(613,52,'Çayırova'),(614,52,'Darıca'),(615,52,'Derince'),(616,52,'Dilovası'),(617,52,'Gebze'),(618,52,'Gölcük'),(619,52,'İzmit'),(620,52,'Kandıra'),(621,52,'Karamürsel'),(622,52,'Kartepe'),(623,52,'Körfez'),(624,53,'Ahırlı'),(625,53,'Akören'),(626,53,'Akşehir'),(627,53,'Altınekin'),(628,53,'Beyşehir'),(629,53,'Bozkır'),(630,53,'Cihanbeyli'),(631,53,'Çeltik'),(632,53,'Çumra'),(633,53,'Derbent'),(634,53,'Derebucak'),(635,53,'Doğanhisar'),(636,53,'Emirgazi'),(637,53,'Ereğli'),(638,53,'Güneysınır'),(639,53,'Hadim'),(640,53,'Halkapınar'),(641,53,'Hüyük'),(642,53,'Ilgın'),(643,53,'Kadınhanı'),(644,53,'Karapınar'),(645,53,'Karatay'),(646,53,'Kulu'),(647,53,'Meram'),(648,53,'Sarayönü'),(649,53,'Selçuklu'),(650,53,'Seydişehir'),(651,53,'Taşkent'),(652,53,'Tuzlukçu'),(653,53,'Yalıhüyük'),(654,53,'Yunak'),(655,54,'Altıntaş'),(656,54,'Aslanapa'),(657,54,'Çavdarhisar'),(658,54,'Domaniç'),(659,54,'Dumlupınar'),(660,54,'Emet'),(661,54,'Gediz'),(662,54,'Hisarcık'),(663,54,'Merkez'),(664,54,'Pazarlar'),(665,54,'Simav'),(666,54,'Şaphane'),(667,54,'Tavşanlı'),(668,55,'Akçadağ'),(669,55,'Arapgir'),(670,55,'Arguvan'),(671,55,'Battalgazi'),(672,55,'Darende'),(673,55,'Doğanşehir'),(674,55,'Doğanyol'),(675,55,'Hekimhan'),(676,55,'Kale'),(677,55,'Kuluncak'),(678,55,'Pütürge'),(679,55,'Yazıhan'),(680,55,'Yeşilyurt'),(681,56,'Ahmetli'),(682,56,'Akhisar'),(683,56,'Alaşehir'),(684,56,'Demirci'),(685,56,'Gölmarmara'),(686,56,'Gördes'),(687,56,'Kırkağaç'),(688,56,'Köprübaşı'),(689,56,'Kula'),(690,56,'Salihli'),(691,56,'Sarıgöl'),(692,56,'Saruhanlı'),(693,56,'Selendi'),(694,56,'Soma'),(695,56,'Şehzadeler'),(696,56,'Turgutlu'),(697,56,'Yunusemre'),(698,57,'Artuklu'),(699,57,'Dargeçit'),(700,57,'Derik'),(701,57,'Kızıltepe'),(702,57,'Mazıdağı'),(703,57,'Midyat'),(704,57,'Nusaybin'),(705,57,'Ömerli'),(706,57,'Savur'),(707,57,'Yeşilli'),(708,58,'Akdeniz'),(709,58,'Anamur'),(710,58,'Aydıncık'),(711,58,'Bozyazı'),(712,58,'Çamlıyayla'),(713,58,'Erdemli'),(714,58,'Gülnar'),(715,58,'Mezitli'),(716,58,'Mut'),(717,58,'Silifke'),(718,58,'Tarsus'),(719,58,'Toroslar'),(720,58,'Yenişehir'),(721,59,'Bodrum'),(722,59,'Dalaman'),(723,59,'Datça'),(724,59,'Fethiye'),(725,59,'Kavaklıdere'),(726,59,'Köyceğiz'),(727,59,'Marmaris'),(728,59,'Menteşe'),(729,59,'Milas'),(730,59,'Ortaca'),(731,59,'Seydikemer'),(732,59,'Ula'),(733,59,'Yatağan'),(734,60,'Bulanık'),(735,60,'Hasköy'),(736,60,'Korkut'),(737,60,'Malazgirt'),(738,60,'Merkez'),(739,60,'Varto'),(740,61,'Acıgöl'),(741,61,'Avanos'),(742,61,'Derinkuyu'),(743,61,'Gülşehir'),(744,61,'Hacıbektaş'),(745,61,'Kozaklı'),(746,61,'Merkez'),(747,61,'Ürgüp'),(748,62,'Altunhisar'),(749,62,'Bor'),(750,62,'Çamardı'),(751,62,'Çiftlik'),(752,62,'Merkez'),(753,62,'Ulukışla'),(754,63,'Akkuş'),(755,63,'Altınordu'),(756,63,'Aybastı'),(757,63,'Çamaş'),(758,63,'Çatalpınar'),(759,63,'Çaybaşı'),(760,63,'Fatsa'),(761,63,'Gölköy'),(762,63,'Gülyalı'),(763,63,'Gürgentepe'),(764,63,'İkizce'),(765,63,'Kabadüz'),(766,63,'Kabataş'),(767,63,'Korgan'),(768,63,'Kumru'),(769,63,'Mesudiye'),(770,63,'Perşembe'),(771,63,'Ulubey'),(772,63,'Ünye'),(773,64,'Bahçe'),(774,64,'Düziçi'),(775,64,'Hasanbeyli'),(776,64,'Kadirli'),(777,64,'Merkez'),(778,64,'Sumbas'),(779,64,'Toprakkale'),(780,65,'Ardeşen'),(781,65,'Çamlıhemşin'),(782,65,'Çayeli'),(783,65,'Derepazarı'),(784,65,'Fındıklı'),(785,65,'Güneysu'),(786,65,'Hemşin'),(787,65,'İkizdere'),(788,65,'İyidere'),(789,65,'Kalkandere'),(790,65,'Merkez'),(791,65,'Pazar'),(792,66,'Adapazarı'),(793,66,'Akyazı'),(794,66,'Arifiye'),(795,66,'Erenler'),(796,66,'Ferizli'),(797,66,'Geyve'),(798,66,'Hendek'),(799,66,'Karapürçek'),(800,66,'Karasu'),(801,66,'Kaynarca'),(802,66,'Kocaali'),(803,66,'Pamukova'),(804,66,'Sapanca'),(805,66,'Serdivan'),(806,66,'Söğütlü'),(807,66,'Taraklı'),(808,67,'19 Mayıs'),(809,67,'Alaçam'),(810,67,'Asarcık'),(811,67,'Atakum'),(812,67,'Ayvacık'),(813,67,'Bafra'),(814,67,'Canik'),(815,67,'Çarşamba'),(816,67,'Havza'),(817,67,'İlkadım'),(818,67,'Kavak'),(819,67,'Ladik'),(820,67,'Salıpazarı'),(821,67,'Tekkeköy'),(822,67,'Terme'),(823,67,'Vezirköprü'),(824,67,'Yakakent'),(825,68,'Baykan'),(826,68,'Eruh'),(827,68,'Kurtalan'),(828,68,'Merkez'),(829,68,'Pervari'),(830,68,'Şirvan'),(831,68,'Tillo'),(832,69,'Ayancık'),(833,69,'Boyabat'),(834,69,'Dikmen'),(835,69,'Durağan'),(836,69,'Erfelek'),(837,69,'Gerze'),(838,69,'Merkez'),(839,69,'Saraydüzü'),(840,69,'Türkeli'),(841,70,'Akıncılar'),(842,70,'Altınyayla'),(843,70,'Divriği'),(844,70,'Doğanşar'),(845,70,'Gemerek'),(846,70,'Gölova'),(847,70,'Gürün'),(848,70,'Hafik'),(849,70,'İmranlı'),(850,70,'Kangal'),(851,70,'Koyulhisar'),(852,70,'Merkez'),(853,70,'Suşehri'),(854,70,'Şarkışla'),(855,70,'Ulaş'),(856,70,'Yıldızeli'),(857,70,'Zara'),(858,71,'Akçakale'),(859,71,'Birecik'),(860,71,'Bozova'),(861,71,'Ceylanpınar'),(862,71,'Eyyübiye'),(863,71,'Halfeti'),(864,71,'Haliliye'),(865,71,'Harran'),(866,71,'Hilvan'),(867,71,'Karaköprü'),(868,71,'Siverek'),(869,71,'Suruç'),(870,71,'Viranşehir'),(871,72,'Beytüşşebap'),(872,72,'Cizre'),(873,72,'Güçlükonak'),(874,72,'İdil'),(875,72,'Merkez'),(876,72,'Silopi'),(877,72,'Uludere'),(878,73,'Çerkezköy'),(879,73,'Çorlu'),(880,73,'Ergene'),(881,73,'Hayrabolu'),(882,73,'Kapaklı'),(883,73,'Malkara'),(884,73,'Marmaraereğlisi'),(885,73,'Muratlı'),(886,73,'Saray'),(887,73,'Süleymanpaşa'),(888,73,'Şarköy'),(889,74,'Almus'),(890,74,'Artova'),(891,74,'Başçiftlik'),(892,74,'Erbaa'),(893,74,'Merkez'),(894,74,'Niksar'),(895,74,'Pazar'),(896,74,'Reşadiye'),(897,74,'Sulusaray'),(898,74,'Turhal'),(899,74,'Yeşilyurt'),(900,74,'Zile'),(901,75,'Akçaabat'),(902,75,'Araklı'),(903,75,'Arsin'),(904,75,'Beşikdüzü'),(905,75,'Çarşıbaşı'),(906,75,'Çaykara'),(907,75,'Dernekpazarı'),(908,75,'Düzköy'),(909,75,'Hayrat'),(910,75,'Köprübaşı'),(911,75,'Maçka'),(912,75,'Of'),(913,75,'Ortahisar'),(914,75,'Sürmene'),(915,75,'Şalpazarı'),(916,75,'Tonya'),(917,75,'Vakfıkebir'),(918,75,'Yomra'),(919,76,'Çemişgezek'),(920,76,'Hozat'),(921,76,'Mazgirt'),(922,76,'Merkez'),(923,76,'Nazımiye'),(924,76,'Ovacık'),(925,76,'Pertek'),(926,76,'Pülümür'),(927,77,'Banaz'),(928,77,'Eşme'),(929,77,'Karahallı'),(930,77,'Merkez'),(931,77,'Sivaslı'),(932,77,'Ulubey'),(933,78,'Bahçesaray'),(934,78,'Başkale'),(935,78,'Çaldıran'),(936,78,'Çatak'),(937,78,'Edremit'),(938,78,'Erciş'),(939,78,'Gevaş'),(940,78,'Gürpınar'),(941,78,'İpekyolu'),(942,78,'Muradiye'),(943,78,'Özalp'),(944,78,'Saray'),(945,78,'Tuşba'),(946,79,'Altınova'),(947,79,'Armutlu'),(948,79,'Çınarcık'),(949,79,'Çiftlikköy'),(950,79,'Merkez'),(951,79,'Termal'),(952,80,'Akdağmadeni'),(953,80,'Aydıncık'),(954,80,'Boğazlıyan'),(955,80,'Çandır'),(956,80,'Çayıralan'),(957,80,'Çekerek'),(958,80,'Kadışehri'),(959,80,'Merkez'),(960,80,'Saraykent'),(961,80,'Sarıkaya'),(962,80,'Sorgun'),(963,80,'Şefaatli'),(964,80,'Yenifakılı'),(965,80,'Yerköy'),(966,81,'Alaplı'),(967,81,'Çaycuma'),(968,81,'Devrek'),(969,81,'Ereğli'),(970,81,'Gökçebey'),(971,81,'Kilimli'),(972,81,'Kozlu'),(973,81,'Merkez');
/*!40000 ALTER TABLE `district` ENABLE KEYS */;
UNLOCK TABLES;

--
-- Table structure for table `Health_Forms`
--

DROP TABLE IF EXISTS `Health_Forms`;
/*!40101 SET @saved_cs_client     = @@character_set_client */;
/*!50503 SET character_set_client = utf8mb4 */;
CREATE TABLE `Health_Forms` (
  `id` int NOT NULL AUTO_INCREMENT,
  `user_id` int DEFAULT NULL,
  `answer` enum('Yes','No') DEFAULT NULL,
  `status` int DEFAULT NULL,
  `created_date` datetime DEFAULT NULL,
  `updated_date` datetime DEFAULT NULL,
  `updated_by` int DEFAULT NULL,
  PRIMARY KEY (`id`),
  KEY `user_id` (`user_id`),
  CONSTRAINT `Health_Forms_ibfk_1` FOREIGN KEY (`user_id`) REFERENCES `User` (`id`)
) ENGINE=InnoDB DEFAULT CHARSET=utf8mb4 COLLATE=utf8mb4_0900_ai_ci;
/*!40101 SET character_set_client = @saved_cs_client */;

--
-- Dumping data for table `Health_Forms`
--

LOCK TABLES `Health_Forms` WRITE;
/*!40000 ALTER TABLE `Health_Forms` DISABLE KEYS */;
/*!40000 ALTER TABLE `Health_Forms` ENABLE KEYS */;
UNLOCK TABLES;

--
-- Table structure for table `donation_type`
--

DROP TABLE IF EXISTS `donation_type`;
/*!40101 SET @saved_cs_client     = @@character_set_client */;
/*!50503 SET character_set_client = utf8mb4 */;
CREATE TABLE `donation_type` (
  `id` int NOT NULL AUTO_INCREMENT,
  `name` varchar(255) DEFAULT NULL,
  PRIMARY KEY (`id`)
) ENGINE=InnoDB AUTO_INCREMENT=5 DEFAULT CHARSET=utf8mb4 COLLATE=utf8mb4_0900_ai_ci;
/*!40101 SET character_set_client = @saved_cs_client */;

--
-- Dumping data for table `donation_type`
--

LOCK TABLES `donation_type` WRITE;
/*!40000 ALTER TABLE `donation_type` DISABLE KEYS */;
INSERT INTO `donation_type` VALUES (1,'Tam kan bağışı'),(2,'Tromboferez'),(3,'Eritroferez '),(4,'Plazmaferez ');
/*!40000 ALTER TABLE `donation_type` ENABLE KEYS */;
UNLOCK TABLES;
SET @@SESSION.SQL_LOG_BIN = @MYSQLDUMP_TEMP_LOG_BIN;
/*!40103 SET TIME_ZONE=@OLD_TIME_ZONE */;

/*!40101 SET SQL_MODE=@OLD_SQL_MODE */;
/*!40014 SET FOREIGN_KEY_CHECKS=@OLD_FOREIGN_KEY_CHECKS */;
/*!40014 SET UNIQUE_CHECKS=@OLD_UNIQUE_CHECKS */;
/*!40101 SET CHARACTER_SET_CLIENT=@OLD_CHARACTER_SET_CLIENT */;
/*!40101 SET CHARACTER_SET_RESULTS=@OLD_CHARACTER_SET_RESULTS */;
/*!40101 SET COLLATION_CONNECTION=@OLD_COLLATION_CONNECTION */;
/*!40111 SET SQL_NOTES=@OLD_SQL_NOTES */;

-- Dump completed on 2024-12-01 21:56:07
